rate_date,eurusd_rate,gbpusd_rate,source_system
2019-01-01,1.14,1.31,ECB_SIM_EXTRACT_V1
2019-01-02,1.140623,1.310875,ECB_SIM_EXTRACT_V1
2019-01-03,1.136339,1.304298,ECB_SIM_EXTRACT_V1
2019-01-04,1.138627,1.300936,ECB_SIM_EXTRACT_V1
2019-01-05,1.141586,1.297465,ECB_SIM_EXTRACT_V1
2019-01-06,1.133976,1.301813,ECB_SIM_EXTRACT_V1
2019-01-07,1.128848,1.305637,ECB_SIM_EXTRACT_V1
2019-01-08,1.12896,1.306823,ECB_SIM_EXTRACT_V1
2019-01-09,1.127466,1.299932,ECB_SIM_EXTRACT_V1
2019-01-10,1.127072,1.298274,ECB_SIM_EXTRACT_V1
2019-01-11,1.123672,1.294498,ECB_SIM_EXTRACT_V1
2019-01-12,1.12655,1.298729,ECB_SIM_EXTRACT_V1
2019-01-13,1.129034,1.304451,ECB_SIM_EXTRACT_V1
2019-01-14,1.12892,1.309523,ECB_SIM_EXTRACT_V1
2019-01-15,1.132647,1.305535,ECB_SIM_EXTRACT_V1
2019-01-16,1.133945,1.291829,ECB_SIM_EXTRACT_V1
2019-01-17,1.130418,1.283162,ECB_SIM_EXTRACT_V1
2019-01-18,1.131383,1.290195,ECB_SIM_EXTRACT_V1
2019-01-19,1.127536,1.288227,ECB_SIM_EXTRACT_V1
2019-01-20,1.130374,1.284579,ECB_SIM_EXTRACT_V1
2019-01-21,1.129824,1.292688,ECB_SIM_EXTRACT_V1
2019-01-22,1.128794,1.298885,ECB_SIM_EXTRACT_V1
2019-01-23,1.125988,1.298899,ECB_SIM_EXTRACT_V1
2019-01-24,1.130085,1.297344,ECB_SIM_EXTRACT_V1
2019-01-25,1.12916,1.296605,ECB_SIM_EXTRACT_V1
2019-01-26,1.12726,1.297645,ECB_SIM_EXTRACT_V1
2019-01-27,1.125659,1.305466,ECB_SIM_EXTRACT_V1
2019-01-28,1.127267,1.307377,ECB_SIM_EXTRACT_V1
2019-01-29,1.128254,1.310778,ECB_SIM_EXTRACT_V1
2019-01-30,1.129401,1.316363,ECB_SIM_EXTRACT_V1
2019-01-31,1.130602,1.310207,ECB_SIM_EXTRACT_V1
2019-02-01,1.138002,1.313725,ECB_SIM_EXTRACT_V1
2019-02-02,1.13606,1.311969,ECB_SIM_EXTRACT_V1
2019-02-03,1.13376,1.299221,ECB_SIM_EXTRACT_V1
2019-02-04,1.130401,1.288647,ECB_SIM_EXTRACT_V1
2019-02-05,1.132261,1.283687,ECB_SIM_EXTRACT_V1
2019-02-06,1.135965,1.286357,ECB_SIM_EXTRACT_V1
2019-02-07,1.135113,1.286957,ECB_SIM_EXTRACT_V1
2019-02-08,1.131638,1.287895,ECB_SIM_EXTRACT_V1
2019-02-09,1.128272,1.297504,ECB_SIM_EXTRACT_V1
2019-02-10,1.13028,1.291172,ECB_SIM_EXTRACT_V1
2019-02-11,1.132602,1.291023,ECB_SIM_EXTRACT_V1
2019-02-12,1.134175,1.292505,ECB_SIM_EXTRACT_V1
2019-02-13,1.131346,1.288864,ECB_SIM_EXTRACT_V1
2019-02-14,1.131805,1.289016,ECB_SIM_EXTRACT_V1
2019-02-15,1.131841,1.281215,ECB_SIM_EXTRACT_V1
2019-02-16,1.132246,1.288203,ECB_SIM_EXTRACT_V1
2019-02-17,1.135014,1.284892,ECB_SIM_EXTRACT_V1
2019-02-18,1.135399,1.294911,ECB_SIM_EXTRACT_V1
2019-02-19,1.137436,1.294692,ECB_SIM_EXTRACT_V1
2019-02-20,1.137225,1.299703,ECB_SIM_EXTRACT_V1
2019-02-21,1.137823,1.299323,ECB_SIM_EXTRACT_V1
2019-02-22,1.139662,1.299059,ECB_SIM_EXTRACT_V1
2019-02-23,1.133878,1.296071,ECB_SIM_EXTRACT_V1
2019-02-24,1.132306,1.296584,ECB_SIM_EXTRACT_V1
2019-02-25,1.130211,1.298073,ECB_SIM_EXTRACT_V1
2019-02-26,1.127536,1.294113,ECB_SIM_EXTRACT_V1
2019-02-27,1.126209,1.293449,ECB_SIM_EXTRACT_V1
2019-02-28,1.13129,1.290412,ECB_SIM_EXTRACT_V1
2019-03-01,1.12778,1.301733,ECB_SIM_EXTRACT_V1
2019-03-02,1.130942,1.301148,ECB_SIM_EXTRACT_V1
2019-03-03,1.124493,1.308676,ECB_SIM_EXTRACT_V1
2019-03-04,1.122992,1.307478,ECB_SIM_EXTRACT_V1
2019-03-05,1.123298,1.308555,ECB_SIM_EXTRACT_V1
2019-03-06,1.125124,1.301778,ECB_SIM_EXTRACT_V1
2019-03-07,1.127382,1.299427,ECB_SIM_EXTRACT_V1
2019-03-08,1.129915,1.300353,ECB_SIM_EXTRACT_V1
2019-03-09,1.128291,1.308088,ECB_SIM_EXTRACT_V1
2019-03-10,1.12628,1.308973,ECB_SIM_EXTRACT_V1
2019-03-11,1.129056,1.315644,ECB_SIM_EXTRACT_V1
2019-03-12,1.128012,1.318539,ECB_SIM_EXTRACT_V1
2019-03-13,1.123078,1.32637,ECB_SIM_EXTRACT_V1
2019-03-14,1.118734,1.32563,ECB_SIM_EXTRACT_V1
2019-03-15,1.115221,1.337288,ECB_SIM_EXTRACT_V1
2019-03-16,1.116813,1.334248,ECB_SIM_EXTRACT_V1
2019-03-17,1.117118,1.329829,ECB_SIM_EXTRACT_V1
2019-03-18,1.119382,1.323245,ECB_SIM_EXTRACT_V1
2019-03-19,1.117618,1.334611,ECB_SIM_EXTRACT_V1
2019-03-20,1.117972,1.338227,ECB_SIM_EXTRACT_V1
2019-03-21,1.119995,1.335941,ECB_SIM_EXTRACT_V1
2019-03-22,1.118645,1.341733,ECB_SIM_EXTRACT_V1
2019-03-23,1.120055,1.344609,ECB_SIM_EXTRACT_V1
2019-03-24,1.117443,1.354019,ECB_SIM_EXTRACT_V1
2019-03-25,1.115935,1.345296,ECB_SIM_EXTRACT_V1
2019-03-26,1.11438,1.343263,ECB_SIM_EXTRACT_V1
2019-03-27,1.109951,1.340254,ECB_SIM_EXTRACT_V1
2019-03-28,1.111562,1.32963,ECB_SIM_EXTRACT_V1
2019-03-29,1.109754,1.334513,ECB_SIM_EXTRACT_V1
2019-03-30,1.109681,1.3326,ECB_SIM_EXTRACT_V1
2019-03-31,1.111272,1.33583,ECB_SIM_EXTRACT_V1
2019-04-01,1.112725,1.347298,ECB_SIM_EXTRACT_V1
2019-04-02,1.114943,1.344789,ECB_SIM_EXTRACT_V1
2019-04-03,1.114411,1.341968,ECB_SIM_EXTRACT_V1
2019-04-04,1.112729,1.341937,ECB_SIM_EXTRACT_V1
2019-04-05,1.112292,1.346343,ECB_SIM_EXTRACT_V1
2019-04-06,1.106154,1.342758,ECB_SIM_EXTRACT_V1
2019-04-07,1.10097,1.338898,ECB_SIM_EXTRACT_V1
2019-04-08,1.096308,1.343688,ECB_SIM_EXTRACT_V1
2019-04-09,1.09286,1.344964,ECB_SIM_EXTRACT_V1
2019-04-10,1.094344,1.333887,ECB_SIM_EXTRACT_V1
2019-04-11,1.091245,1.327157,ECB_SIM_EXTRACT_V1
2019-04-12,1.09003,1.334295,ECB_SIM_EXTRACT_V1
2019-04-13,1.094691,1.335793,ECB_SIM_EXTRACT_V1
2019-04-14,1.093507,1.331372,ECB_SIM_EXTRACT_V1
2019-04-15,1.096169,1.330006,ECB_SIM_EXTRACT_V1
2019-04-16,1.092945,1.329586,ECB_SIM_EXTRACT_V1
2019-04-17,1.092311,1.332825,ECB_SIM_EXTRACT_V1
2019-04-18,1.089087,1.325444,ECB_SIM_EXTRACT_V1
2019-04-19,1.088036,1.320785,ECB_SIM_EXTRACT_V1
2019-04-20,1.091109,1.321782,ECB_SIM_EXTRACT_V1
2019-04-21,1.0852,1.320895,ECB_SIM_EXTRACT_V1
2019-04-22,1.086886,1.323392,ECB_SIM_EXTRACT_V1
2019-04-23,1.08787,1.31682,ECB_SIM_EXTRACT_V1
2019-04-24,1.085948,1.318282,ECB_SIM_EXTRACT_V1
2019-04-25,1.081101,1.323418,ECB_SIM_EXTRACT_V1
2019-04-26,1.081576,1.325461,ECB_SIM_EXTRACT_V1
2019-04-27,1.079964,1.325731,ECB_SIM_EXTRACT_V1
2019-04-28,1.081007,1.324813,ECB_SIM_EXTRACT_V1
2019-04-29,1.081308,1.320195,ECB_SIM_EXTRACT_V1
2019-04-30,1.087088,1.319467,ECB_SIM_EXTRACT_V1
2019-05-01,1.08641,1.325439,ECB_SIM_EXTRACT_V1
2019-05-02,1.083019,1.324409,ECB_SIM_EXTRACT_V1
2019-05-03,1.083843,1.319522,ECB_SIM_EXTRACT_V1
2019-05-04,1.084799,1.316698,ECB_SIM_EXTRACT_V1
2019-05-05,1.089709,1.31738,ECB_SIM_EXTRACT_V1
2019-05-06,1.092749,1.31518,ECB_SIM_EXTRACT_V1
2019-05-07,1.094084,1.317302,ECB_SIM_EXTRACT_V1
2019-05-08,1.09929,1.31959,ECB_SIM_EXTRACT_V1
2019-05-09,1.095125,1.323695,ECB_SIM_EXTRACT_V1
2019-05-10,1.092944,1.330463,ECB_SIM_EXTRACT_V1
2019-05-11,1.089792,1.335013,ECB_SIM_EXTRACT_V1
2019-05-12,1.088555,1.329734,ECB_SIM_EXTRACT_V1
2019-05-13,1.083906,1.324694,ECB_SIM_EXTRACT_V1
2019-05-14,1.086304,1.323891,ECB_SIM_EXTRACT_V1
2019-05-15,1.085695,1.321212,ECB_SIM_EXTRACT_V1
2019-05-16,1.080766,1.315132,ECB_SIM_EXTRACT_V1
2019-05-17,1.077488,1.312622,ECB_SIM_EXTRACT_V1
2019-05-18,1.078837,1.309984,ECB_SIM_EXTRACT_V1
2019-05-19,1.081987,1.306403,ECB_SIM_EXTRACT_V1
2019-05-20,1.089138,1.304639,ECB_SIM_EXTRACT_V1
2019-05-21,1.099472,1.310317,ECB_SIM_EXTRACT_V1
2019-05-22,1.100937,1.311063,ECB_SIM_EXTRACT_V1
2019-05-23,1.097445,1.323179,ECB_SIM_EXTRACT_V1
2019-05-24,1.090014,1.323633,ECB_SIM_EXTRACT_V1
2019-05-25,1.091067,1.321766,ECB_SIM_EXTRACT_V1
2019-05-26,1.088339,1.321401,ECB_SIM_EXTRACT_V1
2019-05-27,1.087033,1.322308,ECB_SIM_EXTRACT_V1
2019-05-28,1.08506,1.324104,ECB_SIM_EXTRACT_V1
2019-05-29,1.084749,1.334177,ECB_SIM_EXTRACT_V1
2019-05-30,1.088638,1.329361,ECB_SIM_EXTRACT_V1
2019-05-31,1.089321,1.333226,ECB_SIM_EXTRACT_V1
2019-06-01,1.088896,1.333752,ECB_SIM_EXTRACT_V1
2019-06-02,1.085425,1.325282,ECB_SIM_EXTRACT_V1
2019-06-03,1.079797,1.328739,ECB_SIM_EXTRACT_V1
2019-06-04,1.078358,1.334681,ECB_SIM_EXTRACT_V1
2019-06-05,1.078429,1.329797,ECB_SIM_EXTRACT_V1
2019-06-06,1.084805,1.329267,ECB_SIM_EXTRACT_V1
2019-06-07,1.085439,1.320105,ECB_SIM_EXTRACT_V1
2019-06-08,1.089032,1.313442,ECB_SIM_EXTRACT_V1
2019-06-09,1.087424,1.318398,ECB_SIM_EXTRACT_V1
2019-06-10,1.083458,1.31572,ECB_SIM_EXTRACT_V1
2019-06-11,1.080313,1.309877,ECB_SIM_EXTRACT_V1
2019-06-12,1.078043,1.31078,ECB_SIM_EXTRACT_V1
2019-06-13,1.085673,1.307929,ECB_SIM_EXTRACT_V1
2019-06-14,1.082994,1.305375,ECB_SIM_EXTRACT_V1
2019-06-15,1.086106,1.308861,ECB_SIM_EXTRACT_V1
2019-06-16,1.083138,1.302869,ECB_SIM_EXTRACT_V1
2019-06-17,1.086573,1.29824,ECB_SIM_EXTRACT_V1
2019-06-18,1.088073,1.298901,ECB_SIM_EXTRACT_V1
2019-06-19,1.08767,1.303587,ECB_SIM_EXTRACT_V1
2019-06-20,1.087675,1.30957,ECB_SIM_EXTRACT_V1
2019-06-21,1.085545,1.306029,ECB_SIM_EXTRACT_V1
2019-06-22,1.087268,1.310495,ECB_SIM_EXTRACT_V1
2019-06-23,1.085838,1.306349,ECB_SIM_EXTRACT_V1
2019-06-24,1.081756,1.315247,ECB_SIM_EXTRACT_V1
2019-06-25,1.077558,1.309288,ECB_SIM_EXTRACT_V1
2019-06-26,1.07842,1.31568,ECB_SIM_EXTRACT_V1
2019-06-27,1.08414,1.312092,ECB_SIM_EXTRACT_V1
2019-06-28,1.084885,1.321899,ECB_SIM_EXTRACT_V1
2019-06-29,1.084653,1.324484,ECB_SIM_EXTRACT_V1
2019-06-30,1.085829,1.318963,ECB_SIM_EXTRACT_V1
2019-07-01,1.090546,1.315997,ECB_SIM_EXTRACT_V1
2019-07-02,1.091425,1.319593,ECB_SIM_EXTRACT_V1
2019-07-03,1.090093,1.324522,ECB_SIM_EXTRACT_V1
2019-07-04,1.094077,1.323746,ECB_SIM_EXTRACT_V1
2019-07-05,1.09565,1.323561,ECB_SIM_EXTRACT_V1
2019-07-06,1.101101,1.326971,ECB_SIM_EXTRACT_V1
2019-07-07,1.101733,1.327186,ECB_SIM_EXTRACT_V1
2019-07-08,1.097404,1.320228,ECB_SIM_EXTRACT_V1
2019-07-09,1.092641,1.31579,ECB_SIM_EXTRACT_V1
2019-07-10,1.098517,1.316654,ECB_SIM_EXTRACT_V1
2019-07-11,1.104611,1.322424,ECB_SIM_EXTRACT_V1
2019-07-12,1.103921,1.330174,ECB_SIM_EXTRACT_V1
2019-07-13,1.102521,1.333629,ECB_SIM_EXTRACT_V1
2019-07-14,1.107659,1.334553,ECB_SIM_EXTRACT_V1
2019-07-15,1.10365,1.337811,ECB_SIM_EXTRACT_V1
2019-07-16,1.100451,1.333843,ECB_SIM_EXTRACT_V1
2019-07-17,1.102713,1.332532,ECB_SIM_EXTRACT_V1
2019-07-18,1.101289,1.327848,ECB_SIM_EXTRACT_V1
2019-07-19,1.101256,1.321104,ECB_SIM_EXTRACT_V1
2019-07-20,1.100665,1.322401,ECB_SIM_EXTRACT_V1
2019-07-21,1.101846,1.32294,ECB_SIM_EXTRACT_V1
2019-07-22,1.106798,1.326,ECB_SIM_EXTRACT_V1
2019-07-23,1.107037,1.328316,ECB_SIM_EXTRACT_V1
2019-07-24,1.109236,1.329074,ECB_SIM_EXTRACT_V1
2019-07-25,1.101872,1.331411,ECB_SIM_EXTRACT_V1
2019-07-26,1.101677,1.330691,ECB_SIM_EXTRACT_V1
2019-07-27,1.098689,1.332284,ECB_SIM_EXTRACT_V1
2019-07-28,1.094427,1.328099,ECB_SIM_EXTRACT_V1
2019-07-29,1.091423,1.329501,ECB_SIM_EXTRACT_V1
2019-07-30,1.090359,1.3324,ECB_SIM_EXTRACT_V1
2019-07-31,1.093675,1.328498,ECB_SIM_EXTRACT_V1
2019-08-01,1.089118,1.328291,ECB_SIM_EXTRACT_V1
2019-08-02,1.089355,1.324682,ECB_SIM_EXTRACT_V1
2019-08-03,1.087795,1.321613,ECB_SIM_EXTRACT_V1
2019-08-04,1.086801,1.315594,ECB_SIM_EXTRACT_V1
2019-08-05,1.090452,1.321625,ECB_SIM_EXTRACT_V1
2019-08-06,1.092445,1.326603,ECB_SIM_EXTRACT_V1
2019-08-07,1.097221,1.328868,ECB_SIM_EXTRACT_V1
2019-08-08,1.096712,1.338388,ECB_SIM_EXTRACT_V1
2019-08-09,1.094312,1.336835,ECB_SIM_EXTRACT_V1
2019-08-10,1.093596,1.351747,ECB_SIM_EXTRACT_V1
2019-08-11,1.094522,1.349821,ECB_SIM_EXTRACT_V1
2019-08-12,1.095206,1.350396,ECB_SIM_EXTRACT_V1
2019-08-13,1.09147,1.347616,ECB_SIM_EXTRACT_V1
2019-08-14,1.091888,1.348816,ECB_SIM_EXTRACT_V1
2019-08-15,1.092782,1.352382,ECB_SIM_EXTRACT_V1
2019-08-16,1.101708,1.351031,ECB_SIM_EXTRACT_V1
2019-08-17,1.108324,1.359429,ECB_SIM_EXTRACT_V1
2019-08-18,1.105202,1.35981,ECB_SIM_EXTRACT_V1
2019-08-19,1.104124,1.360348,ECB_SIM_EXTRACT_V1
2019-08-20,1.098916,1.354793,ECB_SIM_EXTRACT_V1
2019-08-21,1.096854,1.356152,ECB_SIM_EXTRACT_V1
2019-08-22,1.098,1.354648,ECB_SIM_EXTRACT_V1
2019-08-23,1.102269,1.350728,ECB_SIM_EXTRACT_V1
2019-08-24,1.099673,1.346005,ECB_SIM_EXTRACT_V1
2019-08-25,1.097378,1.359047,ECB_SIM_EXTRACT_V1
2019-08-26,1.089894,1.356838,ECB_SIM_EXTRACT_V1
2019-08-27,1.089448,1.348528,ECB_SIM_EXTRACT_V1
2019-08-28,1.085876,1.344239,ECB_SIM_EXTRACT_V1
2019-08-29,1.084206,1.343312,ECB_SIM_EXTRACT_V1
2019-08-30,1.081355,1.345451,ECB_SIM_EXTRACT_V1
2019-08-31,1.081251,1.34761,ECB_SIM_EXTRACT_V1
2019-09-01,1.075408,1.350371,ECB_SIM_EXTRACT_V1
2019-09-02,1.070662,1.346327,ECB_SIM_EXTRACT_V1
2019-09-03,1.078332,1.347379,ECB_SIM_EXTRACT_V1
2019-09-04,1.074155,1.3422,ECB_SIM_EXTRACT_V1
2019-09-05,1.070697,1.338406,ECB_SIM_EXTRACT_V1
2019-09-06,1.077358,1.333157,ECB_SIM_EXTRACT_V1
2019-09-07,1.087691,1.326626,ECB_SIM_EXTRACT_V1
2019-09-08,1.083768,1.331554,ECB_SIM_EXTRACT_V1
2019-09-09,1.082684,1.334536,ECB_SIM_EXTRACT_V1
2019-09-10,1.084075,1.338952,ECB_SIM_EXTRACT_V1
2019-09-11,1.090279,1.338554,ECB_SIM_EXTRACT_V1
2019-09-12,1.086957,1.341916,ECB_SIM_EXTRACT_V1
2019-09-13,1.08626,1.332333,ECB_SIM_EXTRACT_V1
2019-09-14,1.08913,1.336193,ECB_SIM_EXTRACT_V1
2019-09-15,1.090776,1.336528,ECB_SIM_EXTRACT_V1
2019-09-16,1.089574,1.339147,ECB_SIM_EXTRACT_V1
2019-09-17,1.089232,1.340481,ECB_SIM_EXTRACT_V1
2019-09-18,1.084578,1.334847,ECB_SIM_EXTRACT_V1
2019-09-19,1.083936,1.326726,ECB_SIM_EXTRACT_V1
2019-09-20,1.083203,1.322695,ECB_SIM_EXTRACT_V1
2019-09-21,1.084208,1.32514,ECB_SIM_EXTRACT_V1
2019-09-22,1.082471,1.328191,ECB_SIM_EXTRACT_V1
2019-09-23,1.084315,1.320842,ECB_SIM_EXTRACT_V1
2019-09-24,1.088022,1.315554,ECB_SIM_EXTRACT_V1
2019-09-25,1.088706,1.311634,ECB_SIM_EXTRACT_V1
2019-09-26,1.090067,1.309593,ECB_SIM_EXTRACT_V1
2019-09-27,1.090371,1.302597,ECB_SIM_EXTRACT_V1
2019-09-28,1.090487,1.295426,ECB_SIM_EXTRACT_V1
2019-09-29,1.088085,1.291322,ECB_SIM_EXTRACT_V1
2019-09-30,1.08933,1.291729,ECB_SIM_EXTRACT_V1
2019-10-01,1.089118,1.285926,ECB_SIM_EXTRACT_V1
2019-10-02,1.096569,1.285409,ECB_SIM_EXTRACT_V1
2019-10-03,1.102145,1.290646,ECB_SIM_EXTRACT_V1
2019-10-04,1.103481,1.284269,ECB_SIM_EXTRACT_V1
2019-10-05,1.100748,1.283331,ECB_SIM_EXTRACT_V1
2019-10-06,1.096828,1.288418,ECB_SIM_EXTRACT_V1
2019-10-07,1.101054,1.286391,ECB_SIM_EXTRACT_V1
2019-10-08,1.101968,1.283633,ECB_SIM_EXTRACT_V1
2019-10-09,1.103639,1.289397,ECB_SIM_EXTRACT_V1
2019-10-10,1.097451,1.287905,ECB_SIM_EXTRACT_V1
2019-10-11,1.100744,1.293347,ECB_SIM_EXTRACT_V1
2019-10-12,1.102337,1.295416,ECB_SIM_EXTRACT_V1
2019-10-13,1.098398,1.293665,ECB_SIM_EXTRACT_V1
2019-10-14,1.096762,1.295981,ECB_SIM_EXTRACT_V1
2019-10-15,1.097726,1.297488,ECB_SIM_EXTRACT_V1
2019-10-16,1.097938,1.302441,ECB_SIM_EXTRACT_V1
2019-10-17,1.096937,1.29958,ECB_SIM_EXTRACT_V1
2019-10-18,1.09661,1.299668,ECB_SIM_EXTRACT_V1
2019-10-19,1.095767,1.299248,ECB_SIM_EXTRACT_V1
2019-10-20,1.096353,1.302617,ECB_SIM_EXTRACT_V1
2019-10-21,1.101571,1.297401,ECB_SIM_EXTRACT_V1
2019-10-22,1.092542,1.302335,ECB_SIM_EXTRACT_V1
2019-10-23,1.091803,1.304496,ECB_SIM_EXTRACT_V1
2019-10-24,1.092518,1.29781,ECB_SIM_EXTRACT_V1
2019-10-25,1.093643,1.303688,ECB_SIM_EXTRACT_V1
2019-10-26,1.092418,1.314637,ECB_SIM_EXTRACT_V1
2019-10-27,1.086385,1.319351,ECB_SIM_EXTRACT_V1
2019-10-28,1.087688,1.326167,ECB_SIM_EXTRACT_V1
2019-10-29,1.093865,1.326157,ECB_SIM_EXTRACT_V1
2019-10-30,1.088582,1.317374,ECB_SIM_EXTRACT_V1
2019-10-31,1.091732,1.307844,ECB_SIM_EXTRACT_V1
2019-11-01,1.090683,1.308897,ECB_SIM_EXTRACT_V1
2019-11-02,1.090581,1.305728,ECB_SIM_EXTRACT_V1
2019-11-03,1.087025,1.301009,ECB_SIM_EXTRACT_V1
2019-11-04,1.086016,1.300566,ECB_SIM_EXTRACT_V1
2019-11-05,1.090711,1.303484,ECB_SIM_EXTRACT_V1
2019-11-06,1.092858,1.296147,ECB_SIM_EXTRACT_V1
2019-11-07,1.099019,1.293864,ECB_SIM_EXTRACT_V1
2019-11-08,1.103179,1.301262,ECB_SIM_EXTRACT_V1
2019-11-09,1.104692,1.29582,ECB_SIM_EXTRACT_V1
2019-11-10,1.110817,1.30004,ECB_SIM_EXTRACT_V1
2019-11-11,1.112248,1.297527,ECB_SIM_EXTRACT_V1
2019-11-12,1.115051,1.30013,ECB_SIM_EXTRACT_V1
2019-11-13,1.113812,1.30544,ECB_SIM_EXTRACT_V1
2019-11-14,1.113882,1.308936,ECB_SIM_EXTRACT_V1
2019-11-15,1.111232,1.313236,ECB_SIM_EXTRACT_V1
2019-11-16,1.11462,1.307222,ECB_SIM_EXTRACT_V1
2019-11-17,1.11025,1.312557,ECB_SIM_EXTRACT_V1
2019-11-18,1.112909,1.308038,ECB_SIM_EXTRACT_V1
2019-11-19,1.112074,1.309111,ECB_SIM_EXTRACT_V1
2019-11-20,1.116104,1.310165,ECB_SIM_EXTRACT_V1
2019-11-21,1.118594,1.312338,ECB_SIM_EXTRACT_V1
2019-11-22,1.124904,1.313749,ECB_SIM_EXTRACT_V1
2019-11-23,1.127234,1.309257,ECB_SIM_EXTRACT_V1
2019-11-24,1.121249,1.302326,ECB_SIM_EXTRACT_V1
2019-11-25,1.120751,1.306501,ECB_SIM_EXTRACT_V1
2019-11-26,1.116305,1.307225,ECB_SIM_EXTRACT_V1
2019-11-27,1.114259,1.312738,ECB_SIM_EXTRACT_V1
2019-11-28,1.119487,1.31224,ECB_SIM_EXTRACT_V1
2019-11-29,1.121537,1.304984,ECB_SIM_EXTRACT_V1
2019-11-30,1.118771,1.309602,ECB_SIM_EXTRACT_V1
2019-12-01,1.114922,1.307524,ECB_SIM_EXTRACT_V1
2019-12-02,1.114858,1.309012,ECB_SIM_EXTRACT_V1
2019-12-03,1.110348,1.305566,ECB_SIM_EXTRACT_V1
2019-12-04,1.107841,1.31356,ECB_SIM_EXTRACT_V1
2019-12-05,1.108853,1.308908,ECB_SIM_EXTRACT_V1
2019-12-06,1.112853,1.307002,ECB_SIM_EXTRACT_V1
2019-12-07,1.114868,1.307331,ECB_SIM_EXTRACT_V1
2019-12-08,1.106545,1.301708,ECB_SIM_EXTRACT_V1
2019-12-09,1.107545,1.303202,ECB_SIM_EXTRACT_V1
2019-12-10,1.107709,1.311049,ECB_SIM_EXTRACT_V1
2019-12-11,1.109084,1.308354,ECB_SIM_EXTRACT_V1
2019-12-12,1.114725,1.310098,ECB_SIM_EXTRACT_V1
2019-12-13,1.107213,1.296241,ECB_SIM_EXTRACT_V1
2019-12-14,1.105034,1.295974,ECB_SIM_EXTRACT_V1
2019-12-15,1.107065,1.294361,ECB_SIM_EXTRACT_V1
2019-12-16,1.101391,1.290289,ECB_SIM_EXTRACT_V1
2019-12-17,1.106589,1.295599,ECB_SIM_EXTRACT_V1
2019-12-18,1.107814,1.293927,ECB_SIM_EXTRACT_V1
2019-12-19,1.110725,1.293007,ECB_SIM_EXTRACT_V1
2019-12-20,1.108569,1.291119,ECB_SIM_EXTRACT_V1
2019-12-21,1.111356,1.281736,ECB_SIM_EXTRACT_V1
2019-12-22,1.115025,1.276333,ECB_SIM_EXTRACT_V1
2019-12-23,1.115674,1.281166,ECB_SIM_EXTRACT_V1
2019-12-24,1.116322,1.27104,ECB_SIM_EXTRACT_V1
2019-12-25,1.11709,1.267569,ECB_SIM_EXTRACT_V1
2019-12-26,1.113802,1.265912,ECB_SIM_EXTRACT_V1
2019-12-27,1.11311,1.274616,ECB_SIM_EXTRACT_V1
2019-12-28,1.112409,1.278528,ECB_SIM_EXTRACT_V1
2019-12-29,1.113625,1.275961,ECB_SIM_EXTRACT_V1
2019-12-30,1.117028,1.28247,ECB_SIM_EXTRACT_V1
2019-12-31,1.113046,1.278956,ECB_SIM_EXTRACT_V1
2020-01-01,1.112443,1.284002,ECB_SIM_EXTRACT_V1
2020-01-02,1.117579,1.27746,ECB_SIM_EXTRACT_V1
2020-01-03,1.11471,1.282831,ECB_SIM_EXTRACT_V1
2020-01-04,1.111604,1.280939,ECB_SIM_EXTRACT_V1
2020-01-05,1.112184,1.27605,ECB_SIM_EXTRACT_V1
2020-01-06,1.115046,1.275164,ECB_SIM_EXTRACT_V1
2020-01-07,1.114905,1.276686,ECB_SIM_EXTRACT_V1
2020-01-08,1.119475,1.274446,ECB_SIM_EXTRACT_V1
2020-01-09,1.122312,1.277318,ECB_SIM_EXTRACT_V1
2020-01-10,1.125069,1.274642,ECB_SIM_EXTRACT_V1
2020-01-11,1.126761,1.277834,ECB_SIM_EXTRACT_V1
2020-01-12,1.134857,1.280129,ECB_SIM_EXTRACT_V1
2020-01-13,1.133688,1.279951,ECB_SIM_EXTRACT_V1
2020-01-14,1.126035,1.277926,ECB_SIM_EXTRACT_V1
2020-01-15,1.131513,1.278806,ECB_SIM_EXTRACT_V1
2020-01-16,1.129474,1.281617,ECB_SIM_EXTRACT_V1
2020-01-17,1.129505,1.291799,ECB_SIM_EXTRACT_V1
2020-01-18,1.133888,1.296397,ECB_SIM_EXTRACT_V1
2020-01-19,1.127679,1.301136,ECB_SIM_EXTRACT_V1
2020-01-20,1.122836,1.316361,ECB_SIM_EXTRACT_V1
2020-01-21,1.116822,1.318624,ECB_SIM_EXTRACT_V1
2020-01-22,1.113785,1.320707,ECB_SIM_EXTRACT_V1
2020-01-23,1.115186,1.323871,ECB_SIM_EXTRACT_V1
2020-01-24,1.116875,1.318395,ECB_SIM_EXTRACT_V1
2020-01-25,1.117658,1.315829,ECB_SIM_EXTRACT_V1
2020-01-26,1.112404,1.312988,ECB_SIM_EXTRACT_V1
2020-01-27,1.104063,1.315945,ECB_SIM_EXTRACT_V1
2020-01-28,1.104206,1.31476,ECB_SIM_EXTRACT_V1
2020-01-29,1.10249,1.31515,ECB_SIM_EXTRACT_V1
2020-01-30,1.104082,1.32029,ECB_SIM_EXTRACT_V1
2020-01-31,1.106515,1.324259,ECB_SIM_EXTRACT_V1
2020-02-01,1.106926,1.323029,ECB_SIM_EXTRACT_V1
2020-02-02,1.109539,1.319265,ECB_SIM_EXTRACT_V1
2020-02-03,1.110238,1.324612,ECB_SIM_EXTRACT_V1
2020-02-04,1.111999,1.328091,ECB_SIM_EXTRACT_V1
2020-02-05,1.10935,1.319549,ECB_SIM_EXTRACT_V1
2020-02-06,1.1086,1.317621,ECB_SIM_EXTRACT_V1
2020-02-07,1.109194,1.318115,ECB_SIM_EXTRACT_V1
2020-02-08,1.112,1.32168,ECB_SIM_EXTRACT_V1
2020-02-09,1.110455,1.325872,ECB_SIM_EXTRACT_V1
2020-02-10,1.112182,1.326867,ECB_SIM_EXTRACT_V1
2020-02-11,1.111089,1.329371,ECB_SIM_EXTRACT_V1
2020-02-12,1.110538,1.329216,ECB_SIM_EXTRACT_V1
2020-02-13,1.113362,1.32534,ECB_SIM_EXTRACT_V1
2020-02-14,1.106124,1.323596,ECB_SIM_EXTRACT_V1
2020-02-15,1.101471,1.323283,ECB_SIM_EXTRACT_V1
2020-02-16,1.096241,1.322704,ECB_SIM_EXTRACT_V1
2020-02-17,1.08813,1.312866,ECB_SIM_EXTRACT_V1
2020-02-18,1.085913,1.310608,ECB_SIM_EXTRACT_V1
2020-02-19,1.088688,1.310639,ECB_SIM_EXTRACT_V1
2020-02-20,1.087831,1.308989,ECB_SIM_EXTRACT_V1
2020-02-21,1.088665,1.307532,ECB_SIM_EXTRACT_V1
2020-02-22,1.092602,1.309747,ECB_SIM_EXTRACT_V1
2020-02-23,1.097343,1.30415,ECB_SIM_EXTRACT_V1
2020-02-24,1.097132,1.295937,ECB_SIM_EXTRACT_V1
2020-02-25,1.101929,1.294153,ECB_SIM_EXTRACT_V1
2020-02-26,1.102231,1.297866,ECB_SIM_EXTRACT_V1
2020-02-27,1.099254,1.30612,ECB_SIM_EXTRACT_V1
2020-02-28,1.097174,1.309813,ECB_SIM_EXTRACT_V1
2020-02-29,1.092022,1.302287,ECB_SIM_EXTRACT_V1
2020-03-01,1.089018,1.300989,ECB_SIM_EXTRACT_V1
2020-03-02,1.087902,1.302126,ECB_SIM_EXTRACT_V1
2020-03-03,1.090848,1.302859,ECB_SIM_EXTRACT_V1
2020-03-04,1.096981,1.305376,ECB_SIM_EXTRACT_V1
2020-03-05,1.092176,1.30065,ECB_SIM_EXTRACT_V1
2020-03-06,1.093644,1.300843,ECB_SIM_EXTRACT_V1
2020-03-07,1.090084,1.302791,ECB_SIM_EXTRACT_V1
2020-03-08,1.09186,1.306731,ECB_SIM_EXTRACT_V1
2020-03-09,1.091499,1.302535,ECB_SIM_EXTRACT_V1
2020-03-10,1.085224,1.300676,ECB_SIM_EXTRACT_V1
2020-03-11,1.088629,1.287254,ECB_SIM_EXTRACT_V1
2020-03-12,1.086659,1.28425,ECB_SIM_EXTRACT_V1
2020-03-13,1.084963,1.281762,ECB_SIM_EXTRACT_V1
2020-03-14,1.081434,1.276904,ECB_SIM_EXTRACT_V1
2020-03-15,1.079392,1.277864,ECB_SIM_EXTRACT_V1
2020-03-16,1.081117,1.277737,ECB_SIM_EXTRACT_V1
2020-03-17,1.080687,1.26696,ECB_SIM_EXTRACT_V1
2020-03-18,1.082054,1.268272,ECB_SIM_EXTRACT_V1
2020-03-19,1.083522,1.264064,ECB_SIM_EXTRACT_V1
2020-03-20,1.088308,1.266708,ECB_SIM_EXTRACT_V1
2020-03-21,1.087254,1.260828,ECB_SIM_EXTRACT_V1
2020-03-22,1.082279,1.261318,ECB_SIM_EXTRACT_V1
2020-03-23,1.086193,1.260302,ECB_SIM_EXTRACT_V1
2020-03-24,1.085206,1.262107,ECB_SIM_EXTRACT_V1
2020-03-25,1.089261,1.263036,ECB_SIM_EXTRACT_V1
2020-03-26,1.090726,1.262132,ECB_SIM_EXTRACT_V1
2020-03-27,1.090379,1.255114,ECB_SIM_EXTRACT_V1
2020-03-28,1.091712,1.248499,ECB_SIM_EXTRACT_V1
2020-03-29,1.098649,1.246221,ECB_SIM_EXTRACT_V1
2020-03-30,1.105991,1.246698,ECB_SIM_EXTRACT_V1
2020-03-31,1.106165,1.24433,ECB_SIM_EXTRACT_V1
2020-04-01,1.106658,1.247829,ECB_SIM_EXTRACT_V1
2020-04-02,1.110395,1.247003,ECB_SIM_EXTRACT_V1
2020-04-03,1.10727,1.242944,ECB_SIM_EXTRACT_V1
2020-04-04,1.108363,1.242185,ECB_SIM_EXTRACT_V1
2020-04-05,1.10817,1.243816,ECB_SIM_EXTRACT_V1
2020-04-06,1.109185,1.245897,ECB_SIM_EXTRACT_V1
2020-04-07,1.106121,1.255346,ECB_SIM_EXTRACT_V1
2020-04-08,1.100436,1.252568,ECB_SIM_EXTRACT_V1
2020-04-09,1.093155,1.252661,ECB_SIM_EXTRACT_V1
2020-04-10,1.089335,1.255133,ECB_SIM_EXTRACT_V1
2020-04-11,1.087864,1.255434,ECB_SIM_EXTRACT_V1
2020-04-12,1.086989,1.253457,ECB_SIM_EXTRACT_V1
2020-04-13,1.093904,1.246529,ECB_SIM_EXTRACT_V1
2020-04-14,1.097856,1.244623,ECB_SIM_EXTRACT_V1
2020-04-15,1.094507,1.240088,ECB_SIM_EXTRACT_V1
2020-04-16,1.095791,1.232562,ECB_SIM_EXTRACT_V1
2020-04-17,1.094415,1.229513,ECB_SIM_EXTRACT_V1
2020-04-18,1.093486,1.225336,ECB_SIM_EXTRACT_V1
2020-04-19,1.094213,1.228816,ECB_SIM_EXTRACT_V1
2020-04-20,1.096452,1.232344,ECB_SIM_EXTRACT_V1
2020-04-21,1.095305,1.228793,ECB_SIM_EXTRACT_V1
2020-04-22,1.099097,1.228294,ECB_SIM_EXTRACT_V1
2020-04-23,1.095099,1.220369,ECB_SIM_EXTRACT_V1
2020-04-24,1.095179,1.21889,ECB_SIM_EXTRACT_V1
2020-04-25,1.104379,1.221571,ECB_SIM_EXTRACT_V1
2020-04-26,1.105115,1.226208,ECB_SIM_EXTRACT_V1
2020-04-27,1.110133,1.223634,ECB_SIM_EXTRACT_V1
2020-04-28,1.110336,1.229314,ECB_SIM_EXTRACT_V1
2020-04-29,1.112277,1.222961,ECB_SIM_EXTRACT_V1
2020-04-30,1.111927,1.217956,ECB_SIM_EXTRACT_V1
2020-05-01,1.111177,1.222087,ECB_SIM_EXTRACT_V1
2020-05-02,1.108274,1.230671,ECB_SIM_EXTRACT_V1
2020-05-03,1.109702,1.233678,ECB_SIM_EXTRACT_V1
2020-05-04,1.106565,1.23415,ECB_SIM_EXTRACT_V1
2020-05-05,1.108845,1.224548,ECB_SIM_EXTRACT_V1
2020-05-06,1.112596,1.215932,ECB_SIM_EXTRACT_V1
2020-05-07,1.11375,1.217394,ECB_SIM_EXTRACT_V1
2020-05-08,1.112564,1.216584,ECB_SIM_EXTRACT_V1
2020-05-09,1.11403,1.212335,ECB_SIM_EXTRACT_V1
2020-05-10,1.11276,1.21354,ECB_SIM_EXTRACT_V1
2020-05-11,1.115942,1.214962,ECB_SIM_EXTRACT_V1
2020-05-12,1.10923,1.220207,ECB_SIM_EXTRACT_V1
2020-05-13,1.107928,1.221656,ECB_SIM_EXTRACT_V1
2020-05-14,1.100798,1.228174,ECB_SIM_EXTRACT_V1
2020-05-15,1.095534,1.228935,ECB_SIM_EXTRACT_V1
2020-05-16,1.10038,1.229112,ECB_SIM_EXTRACT_V1
2020-05-17,1.103532,1.234809,ECB_SIM_EXTRACT_V1
2020-05-18,1.100952,1.230872,ECB_SIM_EXTRACT_V1
2020-05-19,1.09566,1.244808,ECB_SIM_EXTRACT_V1
2020-05-20,1.085366,1.247117,ECB_SIM_EXTRACT_V1
2020-05-21,1.083654,1.24943,ECB_SIM_EXTRACT_V1
2020-05-22,1.092276,1.252406,ECB_SIM_EXTRACT_V1
2020-05-23,1.09389,1.261819,ECB_SIM_EXTRACT_V1
2020-05-24,1.092006,1.26596,ECB_SIM_EXTRACT_V1
2020-05-25,1.093728,1.258547,ECB_SIM_EXTRACT_V1
2020-05-26,1.088353,1.265652,ECB_SIM_EXTRACT_V1
2020-05-27,1.087457,1.264302,ECB_SIM_EXTRACT_V1
2020-05-28,1.087953,1.265122,ECB_SIM_EXTRACT_V1
2020-05-29,1.087797,1.259282,ECB_SIM_EXTRACT_V1
2020-05-30,1.090699,1.262167,ECB_SIM_EXTRACT_V1
2020-05-31,1.092014,1.259376,ECB_SIM_EXTRACT_V1
2020-06-01,1.094448,1.260219,ECB_SIM_EXTRACT_V1
2020-06-02,1.092106,1.259212,ECB_SIM_EXTRACT_V1
2020-06-03,1.095343,1.268825,ECB_SIM_EXTRACT_V1
2020-06-04,1.101123,1.278673,ECB_SIM_EXTRACT_V1
2020-06-05,1.097697,1.279034,ECB_SIM_EXTRACT_V1
2020-06-06,1.094611,1.279476,ECB_SIM_EXTRACT_V1
2020-06-07,1.099364,1.277787,ECB_SIM_EXTRACT_V1
2020-06-08,1.098699,1.283315,ECB_SIM_EXTRACT_V1
2020-06-09,1.103661,1.281792,ECB_SIM_EXTRACT_V1
2020-06-10,1.102056,1.27984,ECB_SIM_EXTRACT_V1
2020-06-11,1.107174,1.28473,ECB_SIM_EXTRACT_V1
2020-06-12,1.107554,1.282167,ECB_SIM_EXTRACT_V1
2020-06-13,1.108378,1.282077,ECB_SIM_EXTRACT_V1
2020-06-14,1.11384,1.274491,ECB_SIM_EXTRACT_V1
2020-06-15,1.112385,1.278091,ECB_SIM_EXTRACT_V1
2020-06-16,1.108891,1.287695,ECB_SIM_EXTRACT_V1
2020-06-17,1.107193,1.291257,ECB_SIM_EXTRACT_V1
2020-06-18,1.10871,1.298435,ECB_SIM_EXTRACT_V1
2020-06-19,1.103065,1.294165,ECB_SIM_EXTRACT_V1
2020-06-20,1.10528,1.295278,ECB_SIM_EXTRACT_V1
2020-06-21,1.103313,1.290581,ECB_SIM_EXTRACT_V1
2020-06-22,1.107333,1.289457,ECB_SIM_EXTRACT_V1
2020-06-23,1.098794,1.293253,ECB_SIM_EXTRACT_V1
2020-06-24,1.096046,1.293715,ECB_SIM_EXTRACT_V1
2020-06-25,1.090194,1.286744,ECB_SIM_EXTRACT_V1
2020-06-26,1.087432,1.280369,ECB_SIM_EXTRACT_V1
2020-06-27,1.088444,1.273781,ECB_SIM_EXTRACT_V1
2020-06-28,1.087958,1.276356,ECB_SIM_EXTRACT_V1
2020-06-29,1.08722,1.28657,ECB_SIM_EXTRACT_V1
2020-06-30,1.086819,1.293289,ECB_SIM_EXTRACT_V1
2020-07-01,1.087684,1.283966,ECB_SIM_EXTRACT_V1
2020-07-02,1.084326,1.290991,ECB_SIM_EXTRACT_V1
2020-07-03,1.086968,1.295581,ECB_SIM_EXTRACT_V1
2020-07-04,1.089431,1.287928,ECB_SIM_EXTRACT_V1
2020-07-05,1.090901,1.28647,ECB_SIM_EXTRACT_V1
2020-07-06,1.092954,1.291879,ECB_SIM_EXTRACT_V1
2020-07-07,1.094076,1.294562,ECB_SIM_EXTRACT_V1
2020-07-08,1.101295,1.288083,ECB_SIM_EXTRACT_V1
2020-07-09,1.100973,1.291099,ECB_SIM_EXTRACT_V1
2020-07-10,1.09988,1.280642,ECB_SIM_EXTRACT_V1
2020-07-11,1.097232,1.27967,ECB_SIM_EXTRACT_V1
2020-07-12,1.093647,1.285339,ECB_SIM_EXTRACT_V1
2020-07-13,1.089376,1.285485,ECB_SIM_EXTRACT_V1
2020-07-14,1.086409,1.283104,ECB_SIM_EXTRACT_V1
2020-07-15,1.086325,1.28753,ECB_SIM_EXTRACT_V1
2020-07-16,1.087651,1.292338,ECB_SIM_EXTRACT_V1
2020-07-17,1.087976,1.298759,ECB_SIM_EXTRACT_V1
2020-07-18,1.085458,1.302976,ECB_SIM_EXTRACT_V1
2020-07-19,1.088763,1.308184,ECB_SIM_EXTRACT_V1
2020-07-20,1.091476,1.311612,ECB_SIM_EXTRACT_V1
2020-07-21,1.091021,1.312674,ECB_SIM_EXTRACT_V1
2020-07-22,1.088851,1.312846,ECB_SIM_EXTRACT_V1
2020-07-23,1.090897,1.311387,ECB_SIM_EXTRACT_V1
2020-07-24,1.091662,1.305102,ECB_SIM_EXTRACT_V1
2020-07-25,1.086714,1.300191,ECB_SIM_EXTRACT_V1
2020-07-26,1.086636,1.298676,ECB_SIM_EXTRACT_V1
2020-07-27,1.087707,1.299763,ECB_SIM_EXTRACT_V1
2020-07-28,1.084727,1.306781,ECB_SIM_EXTRACT_V1
2020-07-29,1.085568,1.306371,ECB_SIM_EXTRACT_V1
2020-07-30,1.080697,1.311163,ECB_SIM_EXTRACT_V1
2020-07-31,1.085558,1.316295,ECB_SIM_EXTRACT_V1
2020-08-01,1.090075,1.314819,ECB_SIM_EXTRACT_V1
2020-08-02,1.089313,1.317493,ECB_SIM_EXTRACT_V1
2020-08-03,1.090708,1.315941,ECB_SIM_EXTRACT_V1
2020-08-04,1.08244,1.322253,ECB_SIM_EXTRACT_V1
2020-08-05,1.07865,1.325059,ECB_SIM_EXTRACT_V1
2020-08-06,1.07789,1.318654,ECB_SIM_EXTRACT_V1
2020-08-07,1.07446,1.319116,ECB_SIM_EXTRACT_V1
2020-08-08,1.077223,1.327047,ECB_SIM_EXTRACT_V1
2020-08-09,1.084402,1.325683,ECB_SIM_EXTRACT_V1
2020-08-10,1.080512,1.327506,ECB_SIM_EXTRACT_V1
2020-08-11,1.077851,1.329805,ECB_SIM_EXTRACT_V1
2020-08-12,1.078927,1.324094,ECB_SIM_EXTRACT_V1
2020-08-13,1.084756,1.326251,ECB_SIM_EXTRACT_V1
2020-08-14,1.080702,1.318806,ECB_SIM_EXTRACT_V1
2020-08-15,1.081793,1.315326,ECB_SIM_EXTRACT_V1
2020-08-16,1.088334,1.320406,ECB_SIM_EXTRACT_V1
2020-08-17,1.082735,1.321827,ECB_SIM_EXTRACT_V1
2020-08-18,1.078511,1.319913,ECB_SIM_EXTRACT_V1
2020-08-19,1.077305,1.32179,ECB_SIM_EXTRACT_V1
2020-08-20,1.075781,1.321103,ECB_SIM_EXTRACT_V1
2020-08-21,1.07887,1.320788,ECB_SIM_EXTRACT_V1
2020-08-22,1.079956,1.323714,ECB_SIM_EXTRACT_V1
2020-08-23,1.074076,1.319652,ECB_SIM_EXTRACT_V1
2020-08-24,1.076157,1.319494,ECB_SIM_EXTRACT_V1
2020-08-25,1.074452,1.317572,ECB_SIM_EXTRACT_V1
2020-08-26,1.079148,1.309325,ECB_SIM_EXTRACT_V1
2020-08-27,1.07723,1.30452,ECB_SIM_EXTRACT_V1
2020-08-28,1.075307,1.312141,ECB_SIM_EXTRACT_V1
2020-08-29,1.077465,1.313792,ECB_SIM_EXTRACT_V1
2020-08-30,1.080367,1.306914,ECB_SIM_EXTRACT_V1
2020-08-31,1.082151,1.299084,ECB_SIM_EXTRACT_V1
2020-09-01,1.076541,1.298421,ECB_SIM_EXTRACT_V1
2020-09-02,1.078675,1.306045,ECB_SIM_EXTRACT_V1
2020-09-03,1.075363,1.304925,ECB_SIM_EXTRACT_V1
2020-09-04,1.076466,1.311241,ECB_SIM_EXTRACT_V1
2020-09-05,1.071851,1.312738,ECB_SIM_EXTRACT_V1
2020-09-06,1.073717,1.314815,ECB_SIM_EXTRACT_V1
2020-09-07,1.07126,1.30786,ECB_SIM_EXTRACT_V1
2020-09-08,1.067211,1.312311,ECB_SIM_EXTRACT_V1
2020-09-09,1.07004,1.310372,ECB_SIM_EXTRACT_V1
2020-09-10,1.071222,1.314429,ECB_SIM_EXTRACT_V1
2020-09-11,1.06946,1.310074,ECB_SIM_EXTRACT_V1
2020-09-12,1.074801,1.310713,ECB_SIM_EXTRACT_V1
2020-09-13,1.073585,1.312216,ECB_SIM_EXTRACT_V1
2020-09-14,1.074008,1.31118,ECB_SIM_EXTRACT_V1
2020-09-15,1.075242,1.31294,ECB_SIM_EXTRACT_V1
2020-09-16,1.073405,1.311335,ECB_SIM_EXTRACT_V1
2020-09-17,1.07534,1.307847,ECB_SIM_EXTRACT_V1
2020-09-18,1.073798,1.315633,ECB_SIM_EXTRACT_V1
2020-09-19,1.072695,1.320576,ECB_SIM_EXTRACT_V1
2020-09-20,1.077708,1.316393,ECB_SIM_EXTRACT_V1
2020-09-21,1.074389,1.318919,ECB_SIM_EXTRACT_V1
2020-09-22,1.066427,1.314852,ECB_SIM_EXTRACT_V1
2020-09-23,1.072337,1.308647,ECB_SIM_EXTRACT_V1
2020-09-24,1.081452,1.313572,ECB_SIM_EXTRACT_V1
2020-09-25,1.08027,1.30481,ECB_SIM_EXTRACT_V1
2020-09-26,1.073829,1.309234,ECB_SIM_EXTRACT_V1
2020-09-27,1.073073,1.307745,ECB_SIM_EXTRACT_V1
2020-09-28,1.072409,1.30648,ECB_SIM_EXTRACT_V1
2020-09-29,1.072084,1.308316,ECB_SIM_EXTRACT_V1
2020-09-30,1.068601,1.310987,ECB_SIM_EXTRACT_V1
2020-10-01,1.070957,1.306624,ECB_SIM_EXTRACT_V1
2020-10-02,1.0731,1.309991,ECB_SIM_EXTRACT_V1
2020-10-03,1.068298,1.310314,ECB_SIM_EXTRACT_V1
2020-10-04,1.071067,1.30383,ECB_SIM_EXTRACT_V1
2020-10-05,1.07847,1.302822,ECB_SIM_EXTRACT_V1
2020-10-06,1.07932,1.309523,ECB_SIM_EXTRACT_V1
2020-10-07,1.078401,1.317655,ECB_SIM_EXTRACT_V1
2020-10-08,1.078168,1.320916,ECB_SIM_EXTRACT_V1
2020-10-09,1.080552,1.31458,ECB_SIM_EXTRACT_V1
2020-10-10,1.074815,1.316735,ECB_SIM_EXTRACT_V1
2020-10-11,1.075679,1.320674,ECB_SIM_EXTRACT_V1
2020-10-12,1.074624,1.323948,ECB_SIM_EXTRACT_V1
2020-10-13,1.0813,1.327489,ECB_SIM_EXTRACT_V1
2020-10-14,1.08092,1.328866,ECB_SIM_EXTRACT_V1
2020-10-15,1.086933,1.328027,ECB_SIM_EXTRACT_V1
2020-10-16,1.083256,1.324499,ECB_SIM_EXTRACT_V1
2020-10-17,1.085493,1.314564,ECB_SIM_EXTRACT_V1
2020-10-18,1.086776,1.315964,ECB_SIM_EXTRACT_V1
2020-10-19,1.083916,1.31658,ECB_SIM_EXTRACT_V1
2020-10-20,1.084723,1.31905,ECB_SIM_EXTRACT_V1
2020-10-21,1.089123,1.312012,ECB_SIM_EXTRACT_V1
2020-10-22,1.088125,1.314964,ECB_SIM_EXTRACT_V1
2020-10-23,1.08239,1.324966,ECB_SIM_EXTRACT_V1
2020-10-24,1.082539,1.324936,ECB_SIM_EXTRACT_V1
2020-10-25,1.079624,1.324201,ECB_SIM_EXTRACT_V1
2020-10-26,1.078684,1.32534,ECB_SIM_EXTRACT_V1
2020-10-27,1.078656,1.335182,ECB_SIM_EXTRACT_V1
2020-10-28,1.073037,1.329449,ECB_SIM_EXTRACT_V1
2020-10-29,1.067822,1.329995,ECB_SIM_EXTRACT_V1
2020-10-30,1.069851,1.325474,ECB_SIM_EXTRACT_V1
2020-10-31,1.068419,1.322292,ECB_SIM_EXTRACT_V1
2020-11-01,1.060057,1.32165,ECB_SIM_EXTRACT_V1
2020-11-02,1.063194,1.328048,ECB_SIM_EXTRACT_V1
2020-11-03,1.064556,1.336702,ECB_SIM_EXTRACT_V1
2020-11-04,1.062545,1.338409,ECB_SIM_EXTRACT_V1
2020-11-05,1.058517,1.335904,ECB_SIM_EXTRACT_V1
2020-11-06,1.061841,1.348052,ECB_SIM_EXTRACT_V1
2020-11-07,1.063479,1.345153,ECB_SIM_EXTRACT_V1
2020-11-08,1.072053,1.341563,ECB_SIM_EXTRACT_V1
2020-11-09,1.073827,1.331918,ECB_SIM_EXTRACT_V1
2020-11-10,1.075471,1.338489,ECB_SIM_EXTRACT_V1
2020-11-11,1.075187,1.342828,ECB_SIM_EXTRACT_V1
2020-11-12,1.078296,1.35457,ECB_SIM_EXTRACT_V1
2020-11-13,1.080714,1.346647,ECB_SIM_EXTRACT_V1
2020-11-14,1.085282,1.353432,ECB_SIM_EXTRACT_V1
2020-11-15,1.083648,1.353013,ECB_SIM_EXTRACT_V1
2020-11-16,1.082334,1.356387,ECB_SIM_EXTRACT_V1
2020-11-17,1.080886,1.347109,ECB_SIM_EXTRACT_V1
2020-11-18,1.083852,1.353941,ECB_SIM_EXTRACT_V1
2020-11-19,1.089255,1.357206,ECB_SIM_EXTRACT_V1
2020-11-20,1.087785,1.356178,ECB_SIM_EXTRACT_V1
2020-11-21,1.086453,1.358691,ECB_SIM_EXTRACT_V1
2020-11-22,1.087707,1.353901,ECB_SIM_EXTRACT_V1
2020-11-23,1.086998,1.35014,ECB_SIM_EXTRACT_V1
2020-11-24,1.090471,1.347028,ECB_SIM_EXTRACT_V1
2020-11-25,1.082754,1.336883,ECB_SIM_EXTRACT_V1
2020-11-26,1.080099,1.340694,ECB_SIM_EXTRACT_V1
2020-11-27,1.077634,1.346156,ECB_SIM_EXTRACT_V1
2020-11-28,1.069926,1.341886,ECB_SIM_EXTRACT_V1
2020-11-29,1.066986,1.343027,ECB_SIM_EXTRACT_V1
2020-11-30,1.064255,1.341024,ECB_SIM_EXTRACT_V1
2020-12-01,1.063992,1.342073,ECB_SIM_EXTRACT_V1
2020-12-02,1.068215,1.338241,ECB_SIM_EXTRACT_V1
2020-12-03,1.067753,1.333169,ECB_SIM_EXTRACT_V1
2020-12-04,1.064617,1.337981,ECB_SIM_EXTRACT_V1
2020-12-05,1.064841,1.33707,ECB_SIM_EXTRACT_V1
2020-12-06,1.068838,1.346804,ECB_SIM_EXTRACT_V1
2020-12-07,1.065873,1.346345,ECB_SIM_EXTRACT_V1
2020-12-08,1.063174,1.340927,ECB_SIM_EXTRACT_V1
2020-12-09,1.065511,1.346568,ECB_SIM_EXTRACT_V1
2020-12-10,1.065163,1.349104,ECB_SIM_EXTRACT_V1
2020-12-11,1.067785,1.352109,ECB_SIM_EXTRACT_V1
2020-12-12,1.068119,1.357474,ECB_SIM_EXTRACT_V1
2020-12-13,1.070898,1.353282,ECB_SIM_EXTRACT_V1
2020-12-14,1.0677,1.351851,ECB_SIM_EXTRACT_V1
2020-12-15,1.068041,1.350212,ECB_SIM_EXTRACT_V1
2020-12-16,1.067698,1.34287,ECB_SIM_EXTRACT_V1
2020-12-17,1.063933,1.340879,ECB_SIM_EXTRACT_V1
2020-12-18,1.059047,1.34708,ECB_SIM_EXTRACT_V1
2020-12-19,1.061856,1.347595,ECB_SIM_EXTRACT_V1
2020-12-20,1.061114,1.340017,ECB_SIM_EXTRACT_V1
2020-12-21,1.058105,1.33151,ECB_SIM_EXTRACT_V1
2020-12-22,1.058273,1.339451,ECB_SIM_EXTRACT_V1
2020-12-23,1.062593,1.338387,ECB_SIM_EXTRACT_V1
2020-12-24,1.055304,1.334509,ECB_SIM_EXTRACT_V1
2020-12-25,1.050785,1.332578,ECB_SIM_EXTRACT_V1
2020-12-26,1.048262,1.324602,ECB_SIM_EXTRACT_V1
2020-12-27,1.053784,1.331361,ECB_SIM_EXTRACT_V1
2020-12-28,1.05528,1.328871,ECB_SIM_EXTRACT_V1
2020-12-29,1.058402,1.335318,ECB_SIM_EXTRACT_V1
2020-12-30,1.055035,1.335027,ECB_SIM_EXTRACT_V1
2020-12-31,1.051789,1.341746,ECB_SIM_EXTRACT_V1
2021-01-01,1.053864,1.342422,ECB_SIM_EXTRACT_V1
2021-01-02,1.054602,1.346138,ECB_SIM_EXTRACT_V1
2021-01-03,1.05699,1.349131,ECB_SIM_EXTRACT_V1
2021-01-04,1.056861,1.351604,ECB_SIM_EXTRACT_V1
2021-01-05,1.05831,1.352634,ECB_SIM_EXTRACT_V1
2021-01-06,1.059337,1.350669,ECB_SIM_EXTRACT_V1
2021-01-07,1.062457,1.359786,ECB_SIM_EXTRACT_V1
2021-01-08,1.065648,1.354251,ECB_SIM_EXTRACT_V1
2021-01-09,1.060542,1.353484,ECB_SIM_EXTRACT_V1
2021-01-10,1.053405,1.35278,ECB_SIM_EXTRACT_V1
2021-01-11,1.057336,1.354078,ECB_SIM_EXTRACT_V1
2021-01-12,1.061866,1.351084,ECB_SIM_EXTRACT_V1
2021-01-13,1.058852,1.35195,ECB_SIM_EXTRACT_V1
2021-01-14,1.053051,1.350323,ECB_SIM_EXTRACT_V1
2021-01-15,1.053936,1.341494,ECB_SIM_EXTRACT_V1
2021-01-16,1.057623,1.340913,ECB_SIM_EXTRACT_V1
2021-01-17,1.064226,1.334696,ECB_SIM_EXTRACT_V1
2021-01-18,1.066408,1.325387,ECB_SIM_EXTRACT_V1
2021-01-19,1.065537,1.325646,ECB_SIM_EXTRACT_V1
2021-01-20,1.062902,1.327671,ECB_SIM_EXTRACT_V1
2021-01-21,1.063379,1.329872,ECB_SIM_EXTRACT_V1
2021-01-22,1.062793,1.332255,ECB_SIM_EXTRACT_V1
2021-01-23,1.059783,1.321995,ECB_SIM_EXTRACT_V1
2021-01-24,1.067231,1.314789,ECB_SIM_EXTRACT_V1
2021-01-25,1.073735,1.324384,ECB_SIM_EXTRACT_V1
2021-01-26,1.077958,1.318708,ECB_SIM_EXTRACT_V1
2021-01-27,1.075047,1.321423,ECB_SIM_EXTRACT_V1
2021-01-28,1.07829,1.317598,ECB_SIM_EXTRACT_V1
2021-01-29,1.080757,1.317662,ECB_SIM_EXTRACT_V1
2021-01-30,1.082518,1.31416,ECB_SIM_EXTRACT_V1
2021-01-31,1.087065,1.316674,ECB_SIM_EXTRACT_V1
2021-02-01,1.089432,1.317035,ECB_SIM_EXTRACT_V1
2021-02-02,1.092141,1.314466,ECB_SIM_EXTRACT_V1
2021-02-03,1.094463,1.308936,ECB_SIM_EXTRACT_V1
2021-02-04,1.095724,1.310039,ECB_SIM_EXTRACT_V1
2021-02-05,1.089539,1.303775,ECB_SIM_EXTRACT_V1
2021-02-06,1.089955,1.305728,ECB_SIM_EXTRACT_V1
2021-02-07,1.088137,1.318634,ECB_SIM_EXTRACT_V1
2021-02-08,1.083831,1.325067,ECB_SIM_EXTRACT_V1
2021-02-09,1.089873,1.328262,ECB_SIM_EXTRACT_V1
2021-02-10,1.096041,1.327364,ECB_SIM_EXTRACT_V1
2021-02-11,1.100867,1.31717,ECB_SIM_EXTRACT_V1
2021-02-12,1.101756,1.31024,ECB_SIM_EXTRACT_V1
2021-02-13,1.106507,1.316397,ECB_SIM_EXTRACT_V1
2021-02-14,1.106471,1.312133,ECB_SIM_EXTRACT_V1
2021-02-15,1.107111,1.308384,ECB_SIM_EXTRACT_V1
2021-02-16,1.103159,1.307339,ECB_SIM_EXTRACT_V1
2021-02-17,1.104523,1.301865,ECB_SIM_EXTRACT_V1
2021-02-18,1.104682,1.295667,ECB_SIM_EXTRACT_V1
2021-02-19,1.100031,1.295351,ECB_SIM_EXTRACT_V1
2021-02-20,1.09985,1.290906,ECB_SIM_EXTRACT_V1
2021-02-21,1.099572,1.287265,ECB_SIM_EXTRACT_V1
2021-02-22,1.10592,1.283482,ECB_SIM_EXTRACT_V1
2021-02-23,1.109018,1.28611,ECB_SIM_EXTRACT_V1
2021-02-24,1.10895,1.285023,ECB_SIM_EXTRACT_V1
2021-02-25,1.109725,1.284211,ECB_SIM_EXTRACT_V1
2021-02-26,1.109765,1.287197,ECB_SIM_EXTRACT_V1
2021-02-27,1.108927,1.286536,ECB_SIM_EXTRACT_V1
2021-02-28,1.104985,1.285218,ECB_SIM_EXTRACT_V1
2021-03-01,1.104391,1.287575,ECB_SIM_EXTRACT_V1
2021-03-02,1.101705,1.290877,ECB_SIM_EXTRACT_V1
2021-03-03,1.097285,1.290146,ECB_SIM_EXTRACT_V1
2021-03-04,1.099114,1.290539,ECB_SIM_EXTRACT_V1
2021-03-05,1.100502,1.286704,ECB_SIM_EXTRACT_V1
2021-03-06,1.094222,1.282542,ECB_SIM_EXTRACT_V1
2021-03-07,1.093862,1.286386,ECB_SIM_EXTRACT_V1
2021-03-08,1.097426,1.288606,ECB_SIM_EXTRACT_V1
2021-03-09,1.101183,1.290854,ECB_SIM_EXTRACT_V1
2021-03-10,1.10479,1.292222,ECB_SIM_EXTRACT_V1
2021-03-11,1.10487,1.292423,ECB_SIM_EXTRACT_V1
2021-03-12,1.101828,1.295818,ECB_SIM_EXTRACT_V1
2021-03-13,1.097991,1.300361,ECB_SIM_EXTRACT_V1
2021-03-14,1.099227,1.304746,ECB_SIM_EXTRACT_V1
2021-03-15,1.100571,1.304068,ECB_SIM_EXTRACT_V1
2021-03-16,1.105107,1.310789,ECB_SIM_EXTRACT_V1
2021-03-17,1.108942,1.311676,ECB_SIM_EXTRACT_V1
2021-03-18,1.108366,1.314569,ECB_SIM_EXTRACT_V1
2021-03-19,1.103861,1.315681,ECB_SIM_EXTRACT_V1
2021-03-20,1.102688,1.316605,ECB_SIM_EXTRACT_V1
2021-03-21,1.103423,1.312607,ECB_SIM_EXTRACT_V1
2021-03-22,1.102668,1.315836,ECB_SIM_EXTRACT_V1
2021-03-23,1.100599,1.329824,ECB_SIM_EXTRACT_V1
2021-03-24,1.101483,1.327447,ECB_SIM_EXTRACT_V1
2021-03-25,1.09969,1.327349,ECB_SIM_EXTRACT_V1
2021-03-26,1.097486,1.324646,ECB_SIM_EXTRACT_V1
2021-03-27,1.09861,1.321772,ECB_SIM_EXTRACT_V1
2021-03-28,1.097215,1.329164,ECB_SIM_EXTRACT_V1
2021-03-29,1.098106,1.325293,ECB_SIM_EXTRACT_V1
2021-03-30,1.099089,1.32248,ECB_SIM_EXTRACT_V1
2021-03-31,1.095099,1.314134,ECB_SIM_EXTRACT_V1
2021-04-01,1.093473,1.310064,ECB_SIM_EXTRACT_V1
2021-04-02,1.098594,1.301346,ECB_SIM_EXTRACT_V1
2021-04-03,1.094533,1.304337,ECB_SIM_EXTRACT_V1
2021-04-04,1.087209,1.318113,ECB_SIM_EXTRACT_V1
2021-04-05,1.080903,1.315937,ECB_SIM_EXTRACT_V1
2021-04-06,1.081231,1.307316,ECB_SIM_EXTRACT_V1
2021-04-07,1.081561,1.311585,ECB_SIM_EXTRACT_V1
2021-04-08,1.081374,1.307707,ECB_SIM_EXTRACT_V1
2021-04-09,1.085806,1.313965,ECB_SIM_EXTRACT_V1
2021-04-10,1.076726,1.312267,ECB_SIM_EXTRACT_V1
2021-04-11,1.078368,1.308852,ECB_SIM_EXTRACT_V1
2021-04-12,1.084028,1.307739,ECB_SIM_EXTRACT_V1
2021-04-13,1.080312,1.311295,ECB_SIM_EXTRACT_V1
2021-04-14,1.079234,1.309905,ECB_SIM_EXTRACT_V1
2021-04-15,1.076883,1.307195,ECB_SIM_EXTRACT_V1
2021-04-16,1.07408,1.306,ECB_SIM_EXTRACT_V1
2021-04-17,1.073266,1.299511,ECB_SIM_EXTRACT_V1
2021-04-18,1.078498,1.301358,ECB_SIM_EXTRACT_V1
2021-04-19,1.085115,1.292417,ECB_SIM_EXTRACT_V1
2021-04-20,1.084126,1.290208,ECB_SIM_EXTRACT_V1
2021-04-21,1.090946,1.293934,ECB_SIM_EXTRACT_V1
2021-04-22,1.091178,1.295378,ECB_SIM_EXTRACT_V1
2021-04-23,1.097425,1.298222,ECB_SIM_EXTRACT_V1
2021-04-24,1.097128,1.297802,ECB_SIM_EXTRACT_V1
2021-04-25,1.097623,1.30349,ECB_SIM_EXTRACT_V1
2021-04-26,1.098936,1.307915,ECB_SIM_EXTRACT_V1
2021-04-27,1.110184,1.309917,ECB_SIM_EXTRACT_V1
2021-04-28,1.11309,1.314301,ECB_SIM_EXTRACT_V1
2021-04-29,1.110416,1.317759,ECB_SIM_EXTRACT_V1
2021-04-30,1.113738,1.315224,ECB_SIM_EXTRACT_V1
2021-05-01,1.112284,1.30822,ECB_SIM_EXTRACT_V1
2021-05-02,1.110394,1.310091,ECB_SIM_EXTRACT_V1
2021-05-03,1.113502,1.312569,ECB_SIM_EXTRACT_V1
2021-05-04,1.113449,1.317745,ECB_SIM_EXTRACT_V1
2021-05-05,1.11428,1.31273,ECB_SIM_EXTRACT_V1
2021-05-06,1.114157,1.307942,ECB_SIM_EXTRACT_V1
2021-05-07,1.115187,1.310012,ECB_SIM_EXTRACT_V1
2021-05-08,1.116521,1.309416,ECB_SIM_EXTRACT_V1
2021-05-09,1.109423,1.299834,ECB_SIM_EXTRACT_V1
2021-05-10,1.111678,1.301569,ECB_SIM_EXTRACT_V1
2021-05-11,1.10805,1.292301,ECB_SIM_EXTRACT_V1
2021-05-12,1.102851,1.28764,ECB_SIM_EXTRACT_V1
2021-05-13,1.102611,1.294299,ECB_SIM_EXTRACT_V1
2021-05-14,1.102876,1.303253,ECB_SIM_EXTRACT_V1
2021-05-15,1.100396,1.297088,ECB_SIM_EXTRACT_V1
2021-05-16,1.103322,1.29538,ECB_SIM_EXTRACT_V1
2021-05-17,1.098553,1.295525,ECB_SIM_EXTRACT_V1
2021-05-18,1.097141,1.304257,ECB_SIM_EXTRACT_V1
2021-05-19,1.095124,1.301645,ECB_SIM_EXTRACT_V1
2021-05-20,1.095019,1.299148,ECB_SIM_EXTRACT_V1
2021-05-21,1.096056,1.306706,ECB_SIM_EXTRACT_V1
2021-05-22,1.092574,1.304644,ECB_SIM_EXTRACT_V1
2021-05-23,1.095198,1.308053,ECB_SIM_EXTRACT_V1
2021-05-24,1.095477,1.300514,ECB_SIM_EXTRACT_V1
2021-05-25,1.088918,1.299541,ECB_SIM_EXTRACT_V1
2021-05-26,1.082246,1.291258,ECB_SIM_EXTRACT_V1
2021-05-27,1.082415,1.286074,ECB_SIM_EXTRACT_V1
2021-05-28,1.081859,1.290229,ECB_SIM_EXTRACT_V1
2021-05-29,1.081717,1.289982,ECB_SIM_EXTRACT_V1
2021-05-30,1.081838,1.288419,ECB_SIM_EXTRACT_V1
2021-05-31,1.082835,1.284777,ECB_SIM_EXTRACT_V1
2021-06-01,1.086329,1.283763,ECB_SIM_EXTRACT_V1
2021-06-02,1.082636,1.285307,ECB_SIM_EXTRACT_V1
2021-06-03,1.078789,1.290173,ECB_SIM_EXTRACT_V1
2021-06-04,1.075272,1.277365,ECB_SIM_EXTRACT_V1
2021-06-05,1.076561,1.273484,ECB_SIM_EXTRACT_V1
2021-06-06,1.081137,1.274451,ECB_SIM_EXTRACT_V1
2021-06-07,1.07987,1.274158,ECB_SIM_EXTRACT_V1
2021-06-08,1.071497,1.276302,ECB_SIM_EXTRACT_V1
2021-06-09,1.066006,1.277764,ECB_SIM_EXTRACT_V1
2021-06-10,1.063569,1.27643,ECB_SIM_EXTRACT_V1
2021-06-11,1.062102,1.274039,ECB_SIM_EXTRACT_V1
2021-06-12,1.061161,1.273041,ECB_SIM_EXTRACT_V1
2021-06-13,1.06175,1.278814,ECB_SIM_EXTRACT_V1
2021-06-14,1.061142,1.275395,ECB_SIM_EXTRACT_V1
2021-06-15,1.065171,1.275265,ECB_SIM_EXTRACT_V1
2021-06-16,1.063279,1.276329,ECB_SIM_EXTRACT_V1
2021-06-17,1.060782,1.284084,ECB_SIM_EXTRACT_V1
2021-06-18,1.062871,1.28269,ECB_SIM_EXTRACT_V1
2021-06-19,1.058097,1.28746,ECB_SIM_EXTRACT_V1
2021-06-20,1.059911,1.293532,ECB_SIM_EXTRACT_V1
2021-06-21,1.060731,1.293176,ECB_SIM_EXTRACT_V1
2021-06-22,1.060694,1.292103,ECB_SIM_EXTRACT_V1
2021-06-23,1.066564,1.290463,ECB_SIM_EXTRACT_V1
2021-06-24,1.064837,1.289203,ECB_SIM_EXTRACT_V1
2021-06-25,1.072298,1.293405,ECB_SIM_EXTRACT_V1
2021-06-26,1.071853,1.2945,ECB_SIM_EXTRACT_V1
2021-06-27,1.067814,1.295603,ECB_SIM_EXTRACT_V1
2021-06-28,1.068434,1.290008,ECB_SIM_EXTRACT_V1
2021-06-29,1.065133,1.285274,ECB_SIM_EXTRACT_V1
2021-06-30,1.062984,1.295843,ECB_SIM_EXTRACT_V1
2021-07-01,1.064773,1.294897,ECB_SIM_EXTRACT_V1
2021-07-02,1.067084,1.291032,ECB_SIM_EXTRACT_V1
2021-07-03,1.06535,1.298059,ECB_SIM_EXTRACT_V1
2021-07-04,1.069132,1.299353,ECB_SIM_EXTRACT_V1
2021-07-05,1.073466,1.302098,ECB_SIM_EXTRACT_V1
2021-07-06,1.078727,1.301269,ECB_SIM_EXTRACT_V1
2021-07-07,1.08081,1.299559,ECB_SIM_EXTRACT_V1
2021-07-08,1.085765,1.298607,ECB_SIM_EXTRACT_V1
2021-07-09,1.079418,1.291698,ECB_SIM_EXTRACT_V1
2021-07-10,1.078565,1.291246,ECB_SIM_EXTRACT_V1
2021-07-11,1.075831,1.292685,ECB_SIM_EXTRACT_V1
2021-07-12,1.076529,1.301774,ECB_SIM_EXTRACT_V1
2021-07-13,1.07484,1.302057,ECB_SIM_EXTRACT_V1
2021-07-14,1.074567,1.290415,ECB_SIM_EXTRACT_V1
2021-07-15,1.081362,1.28995,ECB_SIM_EXTRACT_V1
2021-07-16,1.080997,1.303449,ECB_SIM_EXTRACT_V1
2021-07-17,1.082655,1.307584,ECB_SIM_EXTRACT_V1
2021-07-18,1.082057,1.30335,ECB_SIM_EXTRACT_V1
2021-07-19,1.082533,1.306119,ECB_SIM_EXTRACT_V1
2021-07-20,1.082762,1.302247,ECB_SIM_EXTRACT_V1
2021-07-21,1.084522,1.295418,ECB_SIM_EXTRACT_V1
2021-07-22,1.088759,1.29364,ECB_SIM_EXTRACT_V1
2021-07-23,1.094648,1.294046,ECB_SIM_EXTRACT_V1
2021-07-24,1.095798,1.284824,ECB_SIM_EXTRACT_V1
2021-07-25,1.097917,1.279288,ECB_SIM_EXTRACT_V1
2021-07-26,1.093906,1.279466,ECB_SIM_EXTRACT_V1
2021-07-27,1.093672,1.277608,ECB_SIM_EXTRACT_V1
2021-07-28,1.097043,1.279675,ECB_SIM_EXTRACT_V1
2021-07-29,1.100123,1.273905,ECB_SIM_EXTRACT_V1
2021-07-30,1.100867,1.277559,ECB_SIM_EXTRACT_V1
2021-07-31,1.103983,1.271973,ECB_SIM_EXTRACT_V1
2021-08-01,1.10567,1.280154,ECB_SIM_EXTRACT_V1
2021-08-02,1.109857,1.271952,ECB_SIM_EXTRACT_V1
2021-08-03,1.110766,1.266896,ECB_SIM_EXTRACT_V1
2021-08-04,1.109373,1.269182,ECB_SIM_EXTRACT_V1
2021-08-05,1.110453,1.277483,ECB_SIM_EXTRACT_V1
2021-08-06,1.099963,1.279163,ECB_SIM_EXTRACT_V1
2021-08-07,1.101312,1.282032,ECB_SIM_EXTRACT_V1
2021-08-08,1.088513,1.282213,ECB_SIM_EXTRACT_V1
2021-08-09,1.082663,1.277314,ECB_SIM_EXTRACT_V1
2021-08-10,1.084436,1.275089,ECB_SIM_EXTRACT_V1
2021-08-11,1.08628,1.269407,ECB_SIM_EXTRACT_V1
2021-08-12,1.08241,1.263498,ECB_SIM_EXTRACT_V1
2021-08-13,1.080155,1.265743,ECB_SIM_EXTRACT_V1
2021-08-14,1.08514,1.26064,ECB_SIM_EXTRACT_V1
2021-08-15,1.083637,1.26252,ECB_SIM_EXTRACT_V1
2021-08-16,1.091639,1.256615,ECB_SIM_EXTRACT_V1
2021-08-17,1.091732,1.258427,ECB_SIM_EXTRACT_V1
2021-08-18,1.093258,1.256466,ECB_SIM_EXTRACT_V1
2021-08-19,1.09901,1.263599,ECB_SIM_EXTRACT_V1
2021-08-20,1.099483,1.265468,ECB_SIM_EXTRACT_V1
2021-08-21,1.095968,1.271718,ECB_SIM_EXTRACT_V1
2021-08-22,1.095632,1.268289,ECB_SIM_EXTRACT_V1
2021-08-23,1.095559,1.268818,ECB_SIM_EXTRACT_V1
2021-08-24,1.090838,1.264347,ECB_SIM_EXTRACT_V1
2021-08-25,1.090055,1.262666,ECB_SIM_EXTRACT_V1
2021-08-26,1.087587,1.261733,ECB_SIM_EXTRACT_V1
2021-08-27,1.090958,1.258592,ECB_SIM_EXTRACT_V1
2021-08-28,1.091187,1.253163,ECB_SIM_EXTRACT_V1
2021-08-29,1.090305,1.246883,ECB_SIM_EXTRACT_V1
2021-08-30,1.09005,1.236351,ECB_SIM_EXTRACT_V1
2021-08-31,1.090948,1.232026,ECB_SIM_EXTRACT_V1
2021-09-01,1.093212,1.235648,ECB_SIM_EXTRACT_V1
2021-09-02,1.089801,1.2288,ECB_SIM_EXTRACT_V1
2021-09-03,1.086296,1.223141,ECB_SIM_EXTRACT_V1
2021-09-04,1.090307,1.232281,ECB_SIM_EXTRACT_V1
2021-09-05,1.088985,1.229979,ECB_SIM_EXTRACT_V1
2021-09-06,1.08419,1.232185,ECB_SIM_EXTRACT_V1
2021-09-07,1.085919,1.235876,ECB_SIM_EXTRACT_V1
2021-09-08,1.087699,1.239629,ECB_SIM_EXTRACT_V1
2021-09-09,1.08253,1.233068,ECB_SIM_EXTRACT_V1
2021-09-10,1.083533,1.232653,ECB_SIM_EXTRACT_V1
2021-09-11,1.086283,1.225765,ECB_SIM_EXTRACT_V1
2021-09-12,1.087749,1.237971,ECB_SIM_EXTRACT_V1
2021-09-13,1.090098,1.231099,ECB_SIM_EXTRACT_V1
2021-09-14,1.085328,1.226895,ECB_SIM_EXTRACT_V1
2021-09-15,1.086653,1.222789,ECB_SIM_EXTRACT_V1
2021-09-16,1.085761,1.216635,ECB_SIM_EXTRACT_V1
2021-09-17,1.084254,1.223764,ECB_SIM_EXTRACT_V1
2021-09-18,1.087467,1.235863,ECB_SIM_EXTRACT_V1
2021-09-19,1.092777,1.234265,ECB_SIM_EXTRACT_V1
2021-09-20,1.099157,1.228739,ECB_SIM_EXTRACT_V1
2021-09-21,1.103801,1.21905,ECB_SIM_EXTRACT_V1
2021-09-22,1.103368,1.218747,ECB_SIM_EXTRACT_V1
2021-09-23,1.104574,1.218113,ECB_SIM_EXTRACT_V1
2021-09-24,1.107232,1.215938,ECB_SIM_EXTRACT_V1
2021-09-25,1.107574,1.217825,ECB_SIM_EXTRACT_V1
2021-09-26,1.107947,1.220498,ECB_SIM_EXTRACT_V1
2021-09-27,1.110775,1.22281,ECB_SIM_EXTRACT_V1
2021-09-28,1.110435,1.222126,ECB_SIM_EXTRACT_V1
2021-09-29,1.107721,1.21781,ECB_SIM_EXTRACT_V1
2021-09-30,1.10616,1.22174,ECB_SIM_EXTRACT_V1
2021-10-01,1.108332,1.222595,ECB_SIM_EXTRACT_V1
2021-10-02,1.108242,1.227519,ECB_SIM_EXTRACT_V1
2021-10-03,1.10935,1.231944,ECB_SIM_EXTRACT_V1
2021-10-04,1.111618,1.225983,ECB_SIM_EXTRACT_V1
2021-10-05,1.110145,1.220065,ECB_SIM_EXTRACT_V1
2021-10-06,1.112713,1.217381,ECB_SIM_EXTRACT_V1
2021-10-07,1.113909,1.213348,ECB_SIM_EXTRACT_V1
2021-10-08,1.109349,1.21773,ECB_SIM_EXTRACT_V1
2021-10-09,1.114367,1.220201,ECB_SIM_EXTRACT_V1
2021-10-10,1.11241,1.226126,ECB_SIM_EXTRACT_V1
2021-10-11,1.106385,1.228723,ECB_SIM_EXTRACT_V1
2021-10-12,1.102615,1.230416,ECB_SIM_EXTRACT_V1
2021-10-13,1.098987,1.23674,ECB_SIM_EXTRACT_V1
2021-10-14,1.099182,1.239577,ECB_SIM_EXTRACT_V1
2021-10-15,1.098229,1.240491,ECB_SIM_EXTRACT_V1
2021-10-16,1.097067,1.248075,ECB_SIM_EXTRACT_V1
2021-10-17,1.09928,1.249117,ECB_SIM_EXTRACT_V1
2021-10-18,1.100485,1.248155,ECB_SIM_EXTRACT_V1
2021-10-19,1.101593,1.24468,ECB_SIM_EXTRACT_V1
2021-10-20,1.103019,1.248546,ECB_SIM_EXTRACT_V1
2021-10-21,1.10516,1.25492,ECB_SIM_EXTRACT_V1
2021-10-22,1.097668,1.255094,ECB_SIM_EXTRACT_V1
2021-10-23,1.096417,1.261763,ECB_SIM_EXTRACT_V1
2021-10-24,1.088837,1.252685,ECB_SIM_EXTRACT_V1
2021-10-25,1.089096,1.252863,ECB_SIM_EXTRACT_V1
2021-10-26,1.08921,1.253111,ECB_SIM_EXTRACT_V1
2021-10-27,1.092989,1.250089,ECB_SIM_EXTRACT_V1
2021-10-28,1.097235,1.26194,ECB_SIM_EXTRACT_V1
2021-10-29,1.097981,1.261956,ECB_SIM_EXTRACT_V1
2021-10-30,1.096248,1.260335,ECB_SIM_EXTRACT_V1
2021-10-31,1.097997,1.260811,ECB_SIM_EXTRACT_V1
2021-11-01,1.096167,1.251595,ECB_SIM_EXTRACT_V1
2021-11-02,1.096208,1.248439,ECB_SIM_EXTRACT_V1
2021-11-03,1.099719,1.253605,ECB_SIM_EXTRACT_V1
2021-11-04,1.097761,1.251042,ECB_SIM_EXTRACT_V1
2021-11-05,1.100622,1.247567,ECB_SIM_EXTRACT_V1
2021-11-06,1.103002,1.254294,ECB_SIM_EXTRACT_V1
2021-11-07,1.099602,1.261123,ECB_SIM_EXTRACT_V1
2021-11-08,1.103039,1.263946,ECB_SIM_EXTRACT_V1
2021-11-09,1.105471,1.262071,ECB_SIM_EXTRACT_V1
2021-11-10,1.105765,1.261255,ECB_SIM_EXTRACT_V1
2021-11-11,1.103002,1.257746,ECB_SIM_EXTRACT_V1
2021-11-12,1.099938,1.253382,ECB_SIM_EXTRACT_V1
2021-11-13,1.098047,1.248849,ECB_SIM_EXTRACT_V1
2021-11-14,1.099979,1.246404,ECB_SIM_EXTRACT_V1
2021-11-15,1.096621,1.242025,ECB_SIM_EXTRACT_V1
2021-11-16,1.098198,1.235228,ECB_SIM_EXTRACT_V1
2021-11-17,1.093864,1.236902,ECB_SIM_EXTRACT_V1
2021-11-18,1.093223,1.23863,ECB_SIM_EXTRACT_V1
2021-11-19,1.093688,1.247269,ECB_SIM_EXTRACT_V1
2021-11-20,1.102355,1.244609,ECB_SIM_EXTRACT_V1
2021-11-21,1.097479,1.246546,ECB_SIM_EXTRACT_V1
2021-11-22,1.102691,1.248541,ECB_SIM_EXTRACT_V1
2021-11-23,1.103188,1.247826,ECB_SIM_EXTRACT_V1
2021-11-24,1.104602,1.25186,ECB_SIM_EXTRACT_V1
2021-11-25,1.104965,1.256006,ECB_SIM_EXTRACT_V1
2021-11-26,1.106479,1.257972,ECB_SIM_EXTRACT_V1
2021-11-27,1.105857,1.25713,ECB_SIM_EXTRACT_V1
2021-11-28,1.110944,1.255812,ECB_SIM_EXTRACT_V1
2021-11-29,1.10919,1.249705,ECB_SIM_EXTRACT_V1
2021-11-30,1.113105,1.246358,ECB_SIM_EXTRACT_V1
2021-12-01,1.110655,1.243929,ECB_SIM_EXTRACT_V1
2021-12-02,1.110312,1.239168,ECB_SIM_EXTRACT_V1
2021-12-03,1.106386,1.24184,ECB_SIM_EXTRACT_V1
2021-12-04,1.107921,1.24807,ECB_SIM_EXTRACT_V1
2021-12-05,1.112961,1.244264,ECB_SIM_EXTRACT_V1
2021-12-06,1.112529,1.246145,ECB_SIM_EXTRACT_V1
2021-12-07,1.111677,1.241773,ECB_SIM_EXTRACT_V1
2021-12-08,1.107579,1.240902,ECB_SIM_EXTRACT_V1
2021-12-09,1.106675,1.238227,ECB_SIM_EXTRACT_V1
2021-12-10,1.100969,1.241673,ECB_SIM_EXTRACT_V1
2021-12-11,1.097746,1.239042,ECB_SIM_EXTRACT_V1
2021-12-12,1.09857,1.244416,ECB_SIM_EXTRACT_V1
2021-12-13,1.103234,1.243791,ECB_SIM_EXTRACT_V1
2021-12-14,1.113157,1.241268,ECB_SIM_EXTRACT_V1
2021-12-15,1.110911,1.235941,ECB_SIM_EXTRACT_V1
2021-12-16,1.115892,1.237767,ECB_SIM_EXTRACT_V1
2021-12-17,1.116571,1.242601,ECB_SIM_EXTRACT_V1
2021-12-18,1.115831,1.244451,ECB_SIM_EXTRACT_V1
2021-12-19,1.117185,1.255625,ECB_SIM_EXTRACT_V1
2021-12-20,1.117198,1.262875,ECB_SIM_EXTRACT_V1
2021-12-21,1.117385,1.261722,ECB_SIM_EXTRACT_V1
2021-12-22,1.115716,1.260533,ECB_SIM_EXTRACT_V1
2021-12-23,1.110546,1.263135,ECB_SIM_EXTRACT_V1
2021-12-24,1.104948,1.259437,ECB_SIM_EXTRACT_V1
2021-12-25,1.1072,1.265395,ECB_SIM_EXTRACT_V1
2021-12-26,1.106134,1.267428,ECB_SIM_EXTRACT_V1
2021-12-27,1.103952,1.268933,ECB_SIM_EXTRACT_V1
2021-12-28,1.103935,1.272501,ECB_SIM_EXTRACT_V1
2021-12-29,1.106699,1.281069,ECB_SIM_EXTRACT_V1
2021-12-30,1.107257,1.282008,ECB_SIM_EXTRACT_V1
2021-12-31,1.104848,1.281553,ECB_SIM_EXTRACT_V1
2022-01-01,1.109133,1.289023,ECB_SIM_EXTRACT_V1
2022-01-02,1.114642,1.293783,ECB_SIM_EXTRACT_V1
2022-01-03,1.11623,1.292161,ECB_SIM_EXTRACT_V1
2022-01-04,1.119517,1.29216,ECB_SIM_EXTRACT_V1
2022-01-05,1.123738,1.293094,ECB_SIM_EXTRACT_V1
2022-01-06,1.12752,1.294836,ECB_SIM_EXTRACT_V1
2022-01-07,1.129403,1.28812,ECB_SIM_EXTRACT_V1
2022-01-08,1.131209,1.280614,ECB_SIM_EXTRACT_V1
2022-01-09,1.132712,1.276415,ECB_SIM_EXTRACT_V1
2022-01-10,1.128344,1.271906,ECB_SIM_EXTRACT_V1
2022-01-11,1.130532,1.269013,ECB_SIM_EXTRACT_V1
2022-01-12,1.125268,1.272328,ECB_SIM_EXTRACT_V1
2022-01-13,1.122104,1.271722,ECB_SIM_EXTRACT_V1
2022-01-14,1.126526,1.272889,ECB_SIM_EXTRACT_V1
2022-01-15,1.129236,1.267184,ECB_SIM_EXTRACT_V1
2022-01-16,1.134266,1.265234,ECB_SIM_EXTRACT_V1
2022-01-17,1.132864,1.268356,ECB_SIM_EXTRACT_V1
2022-01-18,1.128296,1.271485,ECB_SIM_EXTRACT_V1
2022-01-19,1.127084,1.268208,ECB_SIM_EXTRACT_V1
2022-01-20,1.127123,1.269247,ECB_SIM_EXTRACT_V1
2022-01-21,1.127079,1.280146,ECB_SIM_EXTRACT_V1
2022-01-22,1.130845,1.280178,ECB_SIM_EXTRACT_V1
2022-01-23,1.129164,1.276928,ECB_SIM_EXTRACT_V1
2022-01-24,1.130081,1.276241,ECB_SIM_EXTRACT_V1
2022-01-25,1.126147,1.276852,ECB_SIM_EXTRACT_V1
2022-01-26,1.127453,1.276276,ECB_SIM_EXTRACT_V1
2022-01-27,1.127131,1.276288,ECB_SIM_EXTRACT_V1
2022-01-28,1.124101,1.269469,ECB_SIM_EXTRACT_V1
2022-01-29,1.122961,1.265077,ECB_SIM_EXTRACT_V1
2022-01-30,1.122021,1.264656,ECB_SIM_EXTRACT_V1
2022-01-31,1.120785,1.264163,ECB_SIM_EXTRACT_V1
2022-02-01,1.126903,1.261752,ECB_SIM_EXTRACT_V1
2022-02-02,1.126221,1.261239,ECB_SIM_EXTRACT_V1
2022-02-03,1.125025,1.261872,ECB_SIM_EXTRACT_V1
2022-02-04,1.117197,1.26648,ECB_SIM_EXTRACT_V1
2022-02-05,1.113798,1.266282,ECB_SIM_EXTRACT_V1
2022-02-06,1.112694,1.268486,ECB_SIM_EXTRACT_V1
2022-02-07,1.110102,1.266134,ECB_SIM_EXTRACT_V1
2022-02-08,1.114899,1.269174,ECB_SIM_EXTRACT_V1
2022-02-09,1.11413,1.271235,ECB_SIM_EXTRACT_V1
2022-02-10,1.118562,1.275649,ECB_SIM_EXTRACT_V1
2022-02-11,1.118558,1.279284,ECB_SIM_EXTRACT_V1
2022-02-12,1.118467,1.282277,ECB_SIM_EXTRACT_V1
2022-02-13,1.117926,1.28189,ECB_SIM_EXTRACT_V1
2022-02-14,1.117723,1.283181,ECB_SIM_EXTRACT_V1
2022-02-15,1.123672,1.288459,ECB_SIM_EXTRACT_V1
2022-02-16,1.115077,1.285289,ECB_SIM_EXTRACT_V1
2022-02-17,1.107777,1.28228,ECB_SIM_EXTRACT_V1
2022-02-18,1.105759,1.283256,ECB_SIM_EXTRACT_V1
2022-02-19,1.105742,1.285364,ECB_SIM_EXTRACT_V1
2022-02-20,1.108117,1.2814,ECB_SIM_EXTRACT_V1
2022-02-21,1.109698,1.281139,ECB_SIM_EXTRACT_V1
2022-02-22,1.108217,1.280788,ECB_SIM_EXTRACT_V1
2022-02-23,1.111738,1.27016,ECB_SIM_EXTRACT_V1
2022-02-24,1.115267,1.269337,ECB_SIM_EXTRACT_V1
2022-02-25,1.115739,1.268824,ECB_SIM_EXTRACT_V1
2022-02-26,1.118991,1.268303,ECB_SIM_EXTRACT_V1
2022-02-27,1.119738,1.275406,ECB_SIM_EXTRACT_V1
2022-02-28,1.117489,1.2697,ECB_SIM_EXTRACT_V1
2022-03-01,1.119775,1.265969,ECB_SIM_EXTRACT_V1
2022-03-02,1.119932,1.253747,ECB_SIM_EXTRACT_V1
2022-03-03,1.119696,1.251886,ECB_SIM_EXTRACT_V1
2022-03-04,1.124746,1.250455,ECB_SIM_EXTRACT_V1
2022-03-05,1.115662,1.248501,ECB_SIM_EXTRACT_V1
2022-03-06,1.110423,1.254259,ECB_SIM_EXTRACT_V1
2022-03-07,1.106088,1.258792,ECB_SIM_EXTRACT_V1
2022-03-08,1.10473,1.259535,ECB_SIM_EXTRACT_V1
2022-03-09,1.103773,1.258123,ECB_SIM_EXTRACT_V1
2022-03-10,1.098417,1.263418,ECB_SIM_EXTRACT_V1
2022-03-11,1.094979,1.263639,ECB_SIM_EXTRACT_V1
2022-03-12,1.092026,1.260028,ECB_SIM_EXTRACT_V1
2022-03-13,1.100744,1.25219,ECB_SIM_EXTRACT_V1
2022-03-14,1.1071,1.250538,ECB_SIM_EXTRACT_V1
2022-03-15,1.105557,1.254597,ECB_SIM_EXTRACT_V1
2022-03-16,1.104204,1.26592,ECB_SIM_EXTRACT_V1
2022-03-17,1.100101,1.266503,ECB_SIM_EXTRACT_V1
2022-03-18,1.093403,1.263103,ECB_SIM_EXTRACT_V1
2022-03-19,1.093073,1.257747,ECB_SIM_EXTRACT_V1
2022-03-20,1.089671,1.26077,ECB_SIM_EXTRACT_V1
2022-03-21,1.089498,1.252689,ECB_SIM_EXTRACT_V1
2022-03-22,1.084058,1.255754,ECB_SIM_EXTRACT_V1
2022-03-23,1.081608,1.260069,ECB_SIM_EXTRACT_V1
2022-03-24,1.082341,1.262515,ECB_SIM_EXTRACT_V1
2022-03-25,1.083821,1.261788,ECB_SIM_EXTRACT_V1
2022-03-26,1.085463,1.264835,ECB_SIM_EXTRACT_V1
2022-03-27,1.081058,1.265956,ECB_SIM_EXTRACT_V1
2022-03-28,1.084245,1.262503,ECB_SIM_EXTRACT_V1
2022-03-29,1.081659,1.271741,ECB_SIM_EXTRACT_V1
2022-03-30,1.084071,1.27026,ECB_SIM_EXTRACT_V1
2022-03-31,1.084224,1.274245,ECB_SIM_EXTRACT_V1
2022-04-01,1.079646,1.262774,ECB_SIM_EXTRACT_V1
2022-04-02,1.078796,1.269239,ECB_SIM_EXTRACT_V1
2022-04-03,1.08031,1.276591,ECB_SIM_EXTRACT_V1
2022-04-04,1.082666,1.276896,ECB_SIM_EXTRACT_V1
2022-04-05,1.082384,1.279767,ECB_SIM_EXTRACT_V1
2022-04-06,1.087913,1.282609,ECB_SIM_EXTRACT_V1
2022-04-07,1.091571,1.279568,ECB_SIM_EXTRACT_V1
2022-04-08,1.090775,1.282356,ECB_SIM_EXTRACT_V1
2022-04-09,1.093507,1.278513,ECB_SIM_EXTRACT_V1
2022-04-10,1.100373,1.275695,ECB_SIM_EXTRACT_V1
2022-04-11,1.107294,1.281342,ECB_SIM_EXTRACT_V1
2022-04-12,1.102863,1.2862,ECB_SIM_EXTRACT_V1
2022-04-13,1.099564,1.282798,ECB_SIM_EXTRACT_V1
2022-04-14,1.104807,1.279313,ECB_SIM_EXTRACT_V1
2022-04-15,1.101014,1.276305,ECB_SIM_EXTRACT_V1
2022-04-16,1.096352,1.280028,ECB_SIM_EXTRACT_V1
2022-04-17,1.094691,1.275292,ECB_SIM_EXTRACT_V1
2022-04-18,1.096228,1.277197,ECB_SIM_EXTRACT_V1
2022-04-19,1.095914,1.28098,ECB_SIM_EXTRACT_V1
2022-04-20,1.093684,1.280659,ECB_SIM_EXTRACT_V1
2022-04-21,1.091402,1.285696,ECB_SIM_EXTRACT_V1
2022-04-22,1.08902,1.284261,ECB_SIM_EXTRACT_V1
2022-04-23,1.08609,1.283287,ECB_SIM_EXTRACT_V1
2022-04-24,1.094216,1.27861,ECB_SIM_EXTRACT_V1
2022-04-25,1.095327,1.283698,ECB_SIM_EXTRACT_V1
2022-04-26,1.098496,1.28004,ECB_SIM_EXTRACT_V1
2022-04-27,1.096796,1.281862,ECB_SIM_EXTRACT_V1
2022-04-28,1.096182,1.281612,ECB_SIM_EXTRACT_V1
2022-04-29,1.093727,1.276595,ECB_SIM_EXTRACT_V1
2022-04-30,1.08456,1.273803,ECB_SIM_EXTRACT_V1
2022-05-01,1.079971,1.280708,ECB_SIM_EXTRACT_V1
2022-05-02,1.073969,1.281801,ECB_SIM_EXTRACT_V1
2022-05-03,1.066571,1.276993,ECB_SIM_EXTRACT_V1
2022-05-04,1.062893,1.278631,ECB_SIM_EXTRACT_V1
2022-05-05,1.067849,1.278057,ECB_SIM_EXTRACT_V1
2022-05-06,1.068077,1.295087,ECB_SIM_EXTRACT_V1
2022-05-07,1.072876,1.29643,ECB_SIM_EXTRACT_V1
2022-05-08,1.07461,1.294479,ECB_SIM_EXTRACT_V1
2022-05-09,1.077606,1.301429,ECB_SIM_EXTRACT_V1
2022-05-10,1.074769,1.292219,ECB_SIM_EXTRACT_V1
2022-05-11,1.076873,1.292656,ECB_SIM_EXTRACT_V1
2022-05-12,1.079662,1.302458,ECB_SIM_EXTRACT_V1
2022-05-13,1.077913,1.301732,ECB_SIM_EXTRACT_V1
2022-05-14,1.080108,1.293046,ECB_SIM_EXTRACT_V1
2022-05-15,1.082303,1.291066,ECB_SIM_EXTRACT_V1
2022-05-16,1.080612,1.298209,ECB_SIM_EXTRACT_V1
2022-05-17,1.076966,1.299966,ECB_SIM_EXTRACT_V1
2022-05-18,1.073166,1.295709,ECB_SIM_EXTRACT_V1
2022-05-19,1.073781,1.292271,ECB_SIM_EXTRACT_V1
2022-05-20,1.075216,1.289498,ECB_SIM_EXTRACT_V1
2022-05-21,1.072786,1.291276,ECB_SIM_EXTRACT_V1
2022-05-22,1.0732,1.297843,ECB_SIM_EXTRACT_V1
2022-05-23,1.07548,1.302949,ECB_SIM_EXTRACT_V1
2022-05-24,1.077901,1.305053,ECB_SIM_EXTRACT_V1
2022-05-25,1.083531,1.298285,ECB_SIM_EXTRACT_V1
2022-05-26,1.088165,1.291651,ECB_SIM_EXTRACT_V1
2022-05-27,1.084824,1.294251,ECB_SIM_EXTRACT_V1
2022-05-28,1.090866,1.287599,ECB_SIM_EXTRACT_V1
2022-05-29,1.089123,1.286525,ECB_SIM_EXTRACT_V1
2022-05-30,1.092901,1.288055,ECB_SIM_EXTRACT_V1
2022-05-31,1.093224,1.282522,ECB_SIM_EXTRACT_V1
2022-06-01,1.091864,1.277629,ECB_SIM_EXTRACT_V1
2022-06-02,1.085663,1.27732,ECB_SIM_EXTRACT_V1
2022-06-03,1.085238,1.279918,ECB_SIM_EXTRACT_V1
2022-06-04,1.080011,1.285213,ECB_SIM_EXTRACT_V1
2022-06-05,1.083598,1.288238,ECB_SIM_EXTRACT_V1
2022-06-06,1.089067,1.28862,ECB_SIM_EXTRACT_V1
2022-06-07,1.086423,1.284988,ECB_SIM_EXTRACT_V1
2022-06-08,1.087635,1.279829,ECB_SIM_EXTRACT_V1
2022-06-09,1.085261,1.277468,ECB_SIM_EXTRACT_V1
2022-06-10,1.083256,1.279609,ECB_SIM_EXTRACT_V1
2022-06-11,1.086144,1.281372,ECB_SIM_EXTRACT_V1
2022-06-12,1.086175,1.27129,ECB_SIM_EXTRACT_V1
2022-06-13,1.092404,1.267722,ECB_SIM_EXTRACT_V1
2022-06-14,1.090811,1.273804,ECB_SIM_EXTRACT_V1
2022-06-15,1.094415,1.274381,ECB_SIM_EXTRACT_V1
2022-06-16,1.094823,1.267723,ECB_SIM_EXTRACT_V1
2022-06-17,1.097676,1.27939,ECB_SIM_EXTRACT_V1
2022-06-18,1.096135,1.279376,ECB_SIM_EXTRACT_V1
2022-06-19,1.096007,1.281373,ECB_SIM_EXTRACT_V1
2022-06-20,1.09565,1.283423,ECB_SIM_EXTRACT_V1
2022-06-21,1.092774,1.28171,ECB_SIM_EXTRACT_V1
2022-06-22,1.095179,1.27827,ECB_SIM_EXTRACT_V1
2022-06-23,1.097518,1.288759,ECB_SIM_EXTRACT_V1
2022-06-24,1.099634,1.293697,ECB_SIM_EXTRACT_V1
2022-06-25,1.10506,1.297699,ECB_SIM_EXTRACT_V1
2022-06-26,1.110136,1.300451,ECB_SIM_EXTRACT_V1
2022-06-27,1.108683,1.295377,ECB_SIM_EXTRACT_V1
2022-06-28,1.109903,1.301616,ECB_SIM_EXTRACT_V1
2022-06-29,1.107571,1.297313,ECB_SIM_EXTRACT_V1
2022-06-30,1.107562,1.298622,ECB_SIM_EXTRACT_V1
2022-07-01,1.105348,1.290454,ECB_SIM_EXTRACT_V1
2022-07-02,1.111029,1.280479,ECB_SIM_EXTRACT_V1
2022-07-03,1.112189,1.282143,ECB_SIM_EXTRACT_V1
2022-07-04,1.111267,1.278301,ECB_SIM_EXTRACT_V1
2022-07-05,1.115383,1.268813,ECB_SIM_EXTRACT_V1
2022-07-06,1.107478,1.271675,ECB_SIM_EXTRACT_V1
2022-07-07,1.100273,1.282182,ECB_SIM_EXTRACT_V1
2022-07-08,1.103076,1.289064,ECB_SIM_EXTRACT_V1
2022-07-09,1.103252,1.287815,ECB_SIM_EXTRACT_V1
2022-07-10,1.104098,1.287885,ECB_SIM_EXTRACT_V1
2022-07-11,1.099372,1.292262,ECB_SIM_EXTRACT_V1
2022-07-12,1.099298,1.297757,ECB_SIM_EXTRACT_V1
2022-07-13,1.106377,1.295971,ECB_SIM_EXTRACT_V1
2022-07-14,1.109222,1.296067,ECB_SIM_EXTRACT_V1
2022-07-15,1.109713,1.297475,ECB_SIM_EXTRACT_V1
2022-07-16,1.108038,1.300119,ECB_SIM_EXTRACT_V1
2022-07-17,1.106543,1.29934,ECB_SIM_EXTRACT_V1
2022-07-18,1.098951,1.298635,ECB_SIM_EXTRACT_V1
2022-07-19,1.09987,1.305357,ECB_SIM_EXTRACT_V1
2022-07-20,1.102852,1.311185,ECB_SIM_EXTRACT_V1
2022-07-21,1.097271,1.313309,ECB_SIM_EXTRACT_V1
2022-07-22,1.094984,1.321632,ECB_SIM_EXTRACT_V1
2022-07-23,1.090995,1.319309,ECB_SIM_EXTRACT_V1
2022-07-24,1.087738,1.327113,ECB_SIM_EXTRACT_V1
2022-07-25,1.08807,1.329399,ECB_SIM_EXTRACT_V1
2022-07-26,1.080978,1.345541,ECB_SIM_EXTRACT_V1
2022-07-27,1.083332,1.33878,ECB_SIM_EXTRACT_V1
2022-07-28,1.086147,1.334683,ECB_SIM_EXTRACT_V1
2022-07-29,1.08544,1.336263,ECB_SIM_EXTRACT_V1
2022-07-30,1.07703,1.337715,ECB_SIM_EXTRACT_V1
2022-07-31,1.073873,1.347078,ECB_SIM_EXTRACT_V1
2022-08-01,1.078429,1.342963,ECB_SIM_EXTRACT_V1
2022-08-02,1.069139,1.346939,ECB_SIM_EXTRACT_V1
2022-08-03,1.068316,1.352201,ECB_SIM_EXTRACT_V1
2022-08-04,1.064662,1.35506,ECB_SIM_EXTRACT_V1
2022-08-05,1.067825,1.349324,ECB_SIM_EXTRACT_V1
2022-08-06,1.065901,1.35583,ECB_SIM_EXTRACT_V1
2022-08-07,1.067683,1.361365,ECB_SIM_EXTRACT_V1
2022-08-08,1.069999,1.363589,ECB_SIM_EXTRACT_V1
2022-08-09,1.076662,1.36374,ECB_SIM_EXTRACT_V1
2022-08-10,1.07624,1.364002,ECB_SIM_EXTRACT_V1
2022-08-11,1.077818,1.362682,ECB_SIM_EXTRACT_V1
2022-08-12,1.072971,1.365106,ECB_SIM_EXTRACT_V1
2022-08-13,1.077388,1.36434,ECB_SIM_EXTRACT_V1
2022-08-14,1.075037,1.359034,ECB_SIM_EXTRACT_V1
2022-08-15,1.073405,1.352783,ECB_SIM_EXTRACT_V1
2022-08-16,1.073644,1.348154,ECB_SIM_EXTRACT_V1
2022-08-17,1.068599,1.348578,ECB_SIM_EXTRACT_V1
2022-08-18,1.069753,1.347722,ECB_SIM_EXTRACT_V1
2022-08-19,1.073429,1.348117,ECB_SIM_EXTRACT_V1
2022-08-20,1.074751,1.349971,ECB_SIM_EXTRACT_V1
2022-08-21,1.069598,1.346022,ECB_SIM_EXTRACT_V1
2022-08-22,1.069534,1.35285,ECB_SIM_EXTRACT_V1
2022-08-23,1.072438,1.350703,ECB_SIM_EXTRACT_V1
2022-08-24,1.066337,1.347736,ECB_SIM_EXTRACT_V1
2022-08-25,1.063073,1.3495,ECB_SIM_EXTRACT_V1
2022-08-26,1.066496,1.33939,ECB_SIM_EXTRACT_V1
2022-08-27,1.067814,1.33477,ECB_SIM_EXTRACT_V1
2022-08-28,1.069604,1.339207,ECB_SIM_EXTRACT_V1
2022-08-29,1.076349,1.329797,ECB_SIM_EXTRACT_V1
2022-08-30,1.078246,1.33497,ECB_SIM_EXTRACT_V1
2022-08-31,1.080777,1.342106,ECB_SIM_EXTRACT_V1
2022-09-01,1.090423,1.339586,ECB_SIM_EXTRACT_V1
2022-09-02,1.089792,1.340465,ECB_SIM_EXTRACT_V1
2022-09-03,1.087135,1.345558,ECB_SIM_EXTRACT_V1
2022-09-04,1.088778,1.342494,ECB_SIM_EXTRACT_V1
2022-09-05,1.090442,1.346284,ECB_SIM_EXTRACT_V1
2022-09-06,1.08872,1.342167,ECB_SIM_EXTRACT_V1
2022-09-07,1.085263,1.339096,ECB_SIM_EXTRACT_V1
2022-09-08,1.093492,1.334436,ECB_SIM_EXTRACT_V1
2022-09-09,1.094714,1.335632,ECB_SIM_EXTRACT_V1
2022-09-10,1.092215,1.340963,ECB_SIM_EXTRACT_V1
2022-09-11,1.095514,1.339402,ECB_SIM_EXTRACT_V1
2022-09-12,1.095185,1.332346,ECB_SIM_EXTRACT_V1
2022-09-13,1.094357,1.326362,ECB_SIM_EXTRACT_V1
2022-09-14,1.096396,1.327909,ECB_SIM_EXTRACT_V1
2022-09-15,1.091915,1.336782,ECB_SIM_EXTRACT_V1
2022-09-16,1.093245,1.338212,ECB_SIM_EXTRACT_V1
2022-09-17,1.100039,1.335658,ECB_SIM_EXTRACT_V1
2022-09-18,1.101681,1.338993,ECB_SIM_EXTRACT_V1
2022-09-19,1.100335,1.337177,ECB_SIM_EXTRACT_V1
2022-09-20,1.098547,1.33468,ECB_SIM_EXTRACT_V1
2022-09-21,1.097123,1.329285,ECB_SIM_EXTRACT_V1
2022-09-22,1.096266,1.335938,ECB_SIM_EXTRACT_V1
2022-09-23,1.094986,1.322554,ECB_SIM_EXTRACT_V1
2022-09-24,1.098262,1.326173,ECB_SIM_EXTRACT_V1
2022-09-25,1.092208,1.323399,ECB_SIM_EXTRACT_V1
2022-09-26,1.095319,1.320931,ECB_SIM_EXTRACT_V1
2022-09-27,1.094045,1.329075,ECB_SIM_EXTRACT_V1
2022-09-28,1.095436,1.324999,ECB_SIM_EXTRACT_V1
2022-09-29,1.091547,1.321155,ECB_SIM_EXTRACT_V1
2022-09-30,1.0963,1.320122,ECB_SIM_EXTRACT_V1
2022-10-01,1.100723,1.321834,ECB_SIM_EXTRACT_V1
2022-10-02,1.104099,1.31923,ECB_SIM_EXTRACT_V1
2022-10-03,1.098711,1.311011,ECB_SIM_EXTRACT_V1
2022-10-04,1.101646,1.306452,ECB_SIM_EXTRACT_V1
2022-10-05,1.103054,1.312629,ECB_SIM_EXTRACT_V1
2022-10-06,1.097366,1.312729,ECB_SIM_EXTRACT_V1
2022-10-07,1.097312,1.314705,ECB_SIM_EXTRACT_V1
2022-10-08,1.098625,1.313101,ECB_SIM_EXTRACT_V1
2022-10-09,1.100598,1.309535,ECB_SIM_EXTRACT_V1
2022-10-10,1.101216,1.317672,ECB_SIM_EXTRACT_V1
2022-10-11,1.102228,1.316395,ECB_SIM_EXTRACT_V1
2022-10-12,1.107411,1.313859,ECB_SIM_EXTRACT_V1
2022-10-13,1.111674,1.319053,ECB_SIM_EXTRACT_V1
2022-10-14,1.101382,1.315086,ECB_SIM_EXTRACT_V1
2022-10-15,1.100248,1.311814,ECB_SIM_EXTRACT_V1
2022-10-16,1.099665,1.311601,ECB_SIM_EXTRACT_V1
2022-10-17,1.093521,1.311341,ECB_SIM_EXTRACT_V1
2022-10-18,1.093928,1.312377,ECB_SIM_EXTRACT_V1
2022-10-19,1.098381,1.322577,ECB_SIM_EXTRACT_V1
2022-10-20,1.094588,1.323872,ECB_SIM_EXTRACT_V1
2022-10-21,1.095832,1.311554,ECB_SIM_EXTRACT_V1
2022-10-22,1.092675,1.312921,ECB_SIM_EXTRACT_V1
2022-10-23,1.090415,1.312832,ECB_SIM_EXTRACT_V1
2022-10-24,1.095698,1.312772,ECB_SIM_EXTRACT_V1
2022-10-25,1.093848,1.313724,ECB_SIM_EXTRACT_V1
2022-10-26,1.095541,1.313294,ECB_SIM_EXTRACT_V1
2022-10-27,1.089054,1.312749,ECB_SIM_EXTRACT_V1
2022-10-28,1.095695,1.315535,ECB_SIM_EXTRACT_V1
2022-10-29,1.097862,1.312519,ECB_SIM_EXTRACT_V1
2022-10-30,1.097246,1.307529,ECB_SIM_EXTRACT_V1
2022-10-31,1.099302,1.322426,ECB_SIM_EXTRACT_V1
2022-11-01,1.094362,1.31844,ECB_SIM_EXTRACT_V1
2022-11-02,1.098579,1.318597,ECB_SIM_EXTRACT_V1
2022-11-03,1.097458,1.310779,ECB_SIM_EXTRACT_V1
2022-11-04,1.096772,1.311108,ECB_SIM_EXTRACT_V1
2022-11-05,1.095086,1.306212,ECB_SIM_EXTRACT_V1
2022-11-06,1.093112,1.303822,ECB_SIM_EXTRACT_V1
2022-11-07,1.095627,1.308843,ECB_SIM_EXTRACT_V1
2022-11-08,1.096577,1.310965,ECB_SIM_EXTRACT_V1
2022-11-09,1.098908,1.313545,ECB_SIM_EXTRACT_V1
2022-11-10,1.09889,1.304451,ECB_SIM_EXTRACT_V1
2022-11-11,1.100709,1.313412,ECB_SIM_EXTRACT_V1
2022-11-12,1.099226,1.307195,ECB_SIM_EXTRACT_V1
2022-11-13,1.107107,1.314601,ECB_SIM_EXTRACT_V1
2022-11-14,1.101481,1.319415,ECB_SIM_EXTRACT_V1
2022-11-15,1.105917,1.321955,ECB_SIM_EXTRACT_V1
2022-11-16,1.110697,1.31728,ECB_SIM_EXTRACT_V1
2022-11-17,1.107543,1.317708,ECB_SIM_EXTRACT_V1
2022-11-18,1.115381,1.315017,ECB_SIM_EXTRACT_V1
2022-11-19,1.118753,1.314859,ECB_SIM_EXTRACT_V1
2022-11-20,1.122008,1.31331,ECB_SIM_EXTRACT_V1
2022-11-21,1.121842,1.302896,ECB_SIM_EXTRACT_V1
2022-11-22,1.120798,1.308305,ECB_SIM_EXTRACT_V1
2022-11-23,1.119795,1.307681,ECB_SIM_EXTRACT_V1
2022-11-24,1.120956,1.305061,ECB_SIM_EXTRACT_V1
2022-11-25,1.125738,1.302104,ECB_SIM_EXTRACT_V1
2022-11-26,1.126079,1.303733,ECB_SIM_EXTRACT_V1
2022-11-27,1.122484,1.299147,ECB_SIM_EXTRACT_V1
2022-11-28,1.125176,1.287952,ECB_SIM_EXTRACT_V1
2022-11-29,1.128191,1.289971,ECB_SIM_EXTRACT_V1
2022-11-30,1.130213,1.292518,ECB_SIM_EXTRACT_V1
2022-12-01,1.132545,1.291508,ECB_SIM_EXTRACT_V1
2022-12-02,1.131167,1.285869,ECB_SIM_EXTRACT_V1
2022-12-03,1.127431,1.286353,ECB_SIM_EXTRACT_V1
2022-12-04,1.123971,1.279257,ECB_SIM_EXTRACT_V1
2022-12-05,1.117815,1.274401,ECB_SIM_EXTRACT_V1
2022-12-06,1.118447,1.270957,ECB_SIM_EXTRACT_V1
2022-12-07,1.117926,1.275267,ECB_SIM_EXTRACT_V1
2022-12-08,1.116136,1.273686,ECB_SIM_EXTRACT_V1
2022-12-09,1.105436,1.271715,ECB_SIM_EXTRACT_V1
2022-12-10,1.100968,1.281415,ECB_SIM_EXTRACT_V1
2022-12-11,1.104912,1.283236,ECB_SIM_EXTRACT_V1
2022-12-12,1.102506,1.284971,ECB_SIM_EXTRACT_V1
2022-12-13,1.103748,1.283227,ECB_SIM_EXTRACT_V1
2022-12-14,1.098803,1.280403,ECB_SIM_EXTRACT_V1
2022-12-15,1.103887,1.269923,ECB_SIM_EXTRACT_V1
2022-12-16,1.103332,1.274846,ECB_SIM_EXTRACT_V1
2022-12-17,1.104316,1.277201,ECB_SIM_EXTRACT_V1
2022-12-18,1.112514,1.276485,ECB_SIM_EXTRACT_V1
2022-12-19,1.117774,1.27598,ECB_SIM_EXTRACT_V1
2022-12-20,1.116463,1.279723,ECB_SIM_EXTRACT_V1
2022-12-21,1.114147,1.272306,ECB_SIM_EXTRACT_V1
2022-12-22,1.112816,1.269668,ECB_SIM_EXTRACT_V1
2022-12-23,1.114479,1.264439,ECB_SIM_EXTRACT_V1
2022-12-24,1.113929,1.273285,ECB_SIM_EXTRACT_V1
2022-12-25,1.112353,1.277729,ECB_SIM_EXTRACT_V1
2022-12-26,1.117438,1.267224,ECB_SIM_EXTRACT_V1
2022-12-27,1.116818,1.260225,ECB_SIM_EXTRACT_V1
2022-12-28,1.124862,1.259944,ECB_SIM_EXTRACT_V1
2022-12-29,1.124887,1.25804,ECB_SIM_EXTRACT_V1
2022-12-30,1.131028,1.252102,ECB_SIM_EXTRACT_V1
2022-12-31,1.131944,1.26184,ECB_SIM_EXTRACT_V1
2023-01-01,1.135048,1.263675,ECB_SIM_EXTRACT_V1
2023-01-02,1.131993,1.26627,ECB_SIM_EXTRACT_V1
2023-01-03,1.128516,1.263226,ECB_SIM_EXTRACT_V1
2023-01-04,1.12983,1.267017,ECB_SIM_EXTRACT_V1
2023-01-05,1.133046,1.265459,ECB_SIM_EXTRACT_V1
2023-01-06,1.13279,1.264389,ECB_SIM_EXTRACT_V1
2023-01-07,1.127739,1.267633,ECB_SIM_EXTRACT_V1
2023-01-08,1.122505,1.260075,ECB_SIM_EXTRACT_V1
2023-01-09,1.117119,1.268102,ECB_SIM_EXTRACT_V1
2023-01-10,1.110612,1.269242,ECB_SIM_EXTRACT_V1
2023-01-11,1.110873,1.275684,ECB_SIM_EXTRACT_V1
2023-01-12,1.114748,1.270651,ECB_SIM_EXTRACT_V1
2023-01-13,1.114522,1.266431,ECB_SIM_EXTRACT_V1
2023-01-14,1.106315,1.261131,ECB_SIM_EXTRACT_V1
2023-01-15,1.105564,1.262674,ECB_SIM_EXTRACT_V1
2023-01-16,1.104922,1.263315,ECB_SIM_EXTRACT_V1
2023-01-17,1.112298,1.261404,ECB_SIM_EXTRACT_V1
2023-01-18,1.106976,1.256891,ECB_SIM_EXTRACT_V1
2023-01-19,1.105509,1.251246,ECB_SIM_EXTRACT_V1
2023-01-20,1.111493,1.251473,ECB_SIM_EXTRACT_V1
2023-01-21,1.112956,1.249716,ECB_SIM_EXTRACT_V1
2023-01-22,1.114808,1.246939,ECB_SIM_EXTRACT_V1
2023-01-23,1.115038,1.254802,ECB_SIM_EXTRACT_V1
2023-01-24,1.116034,1.254826,ECB_SIM_EXTRACT_V1
2023-01-25,1.11862,1.261315,ECB_SIM_EXTRACT_V1
2023-01-26,1.115501,1.259102,ECB_SIM_EXTRACT_V1
2023-01-27,1.118452,1.26064,ECB_SIM_EXTRACT_V1
2023-01-28,1.113327,1.260723,ECB_SIM_EXTRACT_V1
2023-01-29,1.114336,1.252961,ECB_SIM_EXTRACT_V1
2023-01-30,1.1148,1.260221,ECB_SIM_EXTRACT_V1
2023-01-31,1.112426,1.259927,ECB_SIM_EXTRACT_V1
2023-02-01,1.112195,1.263863,ECB_SIM_EXTRACT_V1
2023-02-02,1.109835,1.260566,ECB_SIM_EXTRACT_V1
2023-02-03,1.105917,1.260126,ECB_SIM_EXTRACT_V1
2023-02-04,1.104595,1.256335,ECB_SIM_EXTRACT_V1
2023-02-05,1.100645,1.26265,ECB_SIM_EXTRACT_V1
2023-02-06,1.101774,1.26447,ECB_SIM_EXTRACT_V1
2023-02-07,1.097706,1.266539,ECB_SIM_EXTRACT_V1
2023-02-08,1.100237,1.273373,ECB_SIM_EXTRACT_V1
2023-02-09,1.096082,1.27918,ECB_SIM_EXTRACT_V1
2023-02-10,1.094145,1.283035,ECB_SIM_EXTRACT_V1
2023-02-11,1.09203,1.276205,ECB_SIM_EXTRACT_V1
2023-02-12,1.096766,1.273,ECB_SIM_EXTRACT_V1
2023-02-13,1.097965,1.268355,ECB_SIM_EXTRACT_V1
2023-02-14,1.097246,1.272125,ECB_SIM_EXTRACT_V1
2023-02-15,1.099031,1.273163,ECB_SIM_EXTRACT_V1
2023-02-16,1.091657,1.266653,ECB_SIM_EXTRACT_V1
2023-02-17,1.091606,1.266022,ECB_SIM_EXTRACT_V1
2023-02-18,1.098707,1.259138,ECB_SIM_EXTRACT_V1
2023-02-19,1.099188,1.25925,ECB_SIM_EXTRACT_V1
2023-02-20,1.099436,1.251716,ECB_SIM_EXTRACT_V1
2023-02-21,1.101373,1.254687,ECB_SIM_EXTRACT_V1
2023-02-22,1.104518,1.256909,ECB_SIM_EXTRACT_V1
2023-02-23,1.097426,1.26645,ECB_SIM_EXTRACT_V1
2023-02-24,1.091565,1.270818,ECB_SIM_EXTRACT_V1
2023-02-25,1.092401,1.269005,ECB_SIM_EXTRACT_V1
2023-02-26,1.089995,1.273207,ECB_SIM_EXTRACT_V1
2023-02-27,1.094701,1.266662,ECB_SIM_EXTRACT_V1
2023-02-28,1.093661,1.262314,ECB_SIM_EXTRACT_V1
2023-03-01,1.086987,1.264242,ECB_SIM_EXTRACT_V1
2023-03-02,1.08274,1.25422,ECB_SIM_EXTRACT_V1
2023-03-03,1.073458,1.254466,ECB_SIM_EXTRACT_V1
2023-03-04,1.072969,1.250031,ECB_SIM_EXTRACT_V1
2023-03-05,1.072643,1.250984,ECB_SIM_EXTRACT_V1
2023-03-06,1.07151,1.246331,ECB_SIM_EXTRACT_V1
2023-03-07,1.075555,1.248858,ECB_SIM_EXTRACT_V1
2023-03-08,1.079979,1.249435,ECB_SIM_EXTRACT_V1
2023-03-09,1.079628,1.256584,ECB_SIM_EXTRACT_V1
2023-03-10,1.072519,1.257012,ECB_SIM_EXTRACT_V1
2023-03-11,1.074966,1.253735,ECB_SIM_EXTRACT_V1
2023-03-12,1.077175,1.252988,ECB_SIM_EXTRACT_V1
2023-03-13,1.078514,1.24704,ECB_SIM_EXTRACT_V1
2023-03-14,1.082163,1.249473,ECB_SIM_EXTRACT_V1
2023-03-15,1.078348,1.252757,ECB_SIM_EXTRACT_V1
2023-03-16,1.085561,1.265011,ECB_SIM_EXTRACT_V1
2023-03-17,1.082405,1.262322,ECB_SIM_EXTRACT_V1
2023-03-18,1.085213,1.261366,ECB_SIM_EXTRACT_V1
2023-03-19,1.079544,1.258949,ECB_SIM_EXTRACT_V1
2023-03-20,1.076578,1.260332,ECB_SIM_EXTRACT_V1
2023-03-21,1.082094,1.262514,ECB_SIM_EXTRACT_V1
2023-03-22,1.081404,1.262584,ECB_SIM_EXTRACT_V1
2023-03-23,1.084536,1.268134,ECB_SIM_EXTRACT_V1
2023-03-24,1.085543,1.265424,ECB_SIM_EXTRACT_V1
2023-03-25,1.085351,1.270468,ECB_SIM_EXTRACT_V1
2023-03-26,1.090274,1.273304,ECB_SIM_EXTRACT_V1
2023-03-27,1.089564,1.273444,ECB_SIM_EXTRACT_V1
2023-03-28,1.083497,1.272118,ECB_SIM_EXTRACT_V1
2023-03-29,1.080912,1.284118,ECB_SIM_EXTRACT_V1
2023-03-30,1.083048,1.280208,ECB_SIM_EXTRACT_V1
2023-03-31,1.084621,1.281775,ECB_SIM_EXTRACT_V1
2023-04-01,1.079378,1.278225,ECB_SIM_EXTRACT_V1
2023-04-02,1.077124,1.287069,ECB_SIM_EXTRACT_V1
2023-04-03,1.075392,1.291449,ECB_SIM_EXTRACT_V1
2023-04-04,1.074427,1.288107,ECB_SIM_EXTRACT_V1
2023-04-05,1.070008,1.290641,ECB_SIM_EXTRACT_V1
2023-04-06,1.068213,1.291898,ECB_SIM_EXTRACT_V1
2023-04-07,1.066101,1.289341,ECB_SIM_EXTRACT_V1
2023-04-08,1.069138,1.293069,ECB_SIM_EXTRACT_V1
2023-04-09,1.072275,1.294947,ECB_SIM_EXTRACT_V1
2023-04-10,1.072104,1.295949,ECB_SIM_EXTRACT_V1
2023-04-11,1.07109,1.295671,ECB_SIM_EXTRACT_V1
2023-04-12,1.071912,1.297727,ECB_SIM_EXTRACT_V1
2023-04-13,1.069446,1.298765,ECB_SIM_EXTRACT_V1
2023-04-14,1.065889,1.298952,ECB_SIM_EXTRACT_V1
2023-04-15,1.063089,1.295684,ECB_SIM_EXTRACT_V1
2023-04-16,1.061366,1.303981,ECB_SIM_EXTRACT_V1
2023-04-17,1.057876,1.298619,ECB_SIM_EXTRACT_V1
2023-04-18,1.05892,1.300627,ECB_SIM_EXTRACT_V1
2023-04-19,1.061881,1.298917,ECB_SIM_EXTRACT_V1
2023-04-20,1.056949,1.307523,ECB_SIM_EXTRACT_V1
2023-04-21,1.05754,1.302831,ECB_SIM_EXTRACT_V1
2023-04-22,1.057296,1.299041,ECB_SIM_EXTRACT_V1
2023-04-23,1.058955,1.294154,ECB_SIM_EXTRACT_V1
2023-04-24,1.059394,1.295696,ECB_SIM_EXTRACT_V1
2023-04-25,1.054954,1.288885,ECB_SIM_EXTRACT_V1
2023-04-26,1.051228,1.286557,ECB_SIM_EXTRACT_V1
2023-04-27,1.051899,1.276118,ECB_SIM_EXTRACT_V1
2023-04-28,1.055935,1.27745,ECB_SIM_EXTRACT_V1
2023-04-29,1.048994,1.275174,ECB_SIM_EXTRACT_V1
2023-04-30,1.050753,1.26816,ECB_SIM_EXTRACT_V1
2023-05-01,1.055341,1.273663,ECB_SIM_EXTRACT_V1
2023-05-02,1.055349,1.267543,ECB_SIM_EXTRACT_V1
2023-05-03,1.057735,1.271656,ECB_SIM_EXTRACT_V1
2023-05-04,1.055854,1.268491,ECB_SIM_EXTRACT_V1
2023-05-05,1.05597,1.276492,ECB_SIM_EXTRACT_V1
2023-05-06,1.051022,1.280295,ECB_SIM_EXTRACT_V1
2023-05-07,1.043737,1.275515,ECB_SIM_EXTRACT_V1
2023-05-08,1.04755,1.27125,ECB_SIM_EXTRACT_V1
2023-05-09,1.044866,1.274403,ECB_SIM_EXTRACT_V1
2023-05-10,1.043988,1.273318,ECB_SIM_EXTRACT_V1
2023-05-11,1.040018,1.272698,ECB_SIM_EXTRACT_V1
2023-05-12,1.036033,1.279073,ECB_SIM_EXTRACT_V1
2023-05-13,1.036202,1.275569,ECB_SIM_EXTRACT_V1
2023-05-14,1.034527,1.276184,ECB_SIM_EXTRACT_V1
2023-05-15,1.036542,1.280988,ECB_SIM_EXTRACT_V1
2023-05-16,1.038785,1.28504,ECB_SIM_EXTRACT_V1
2023-05-17,1.040566,1.284321,ECB_SIM_EXTRACT_V1
2023-05-18,1.042056,1.282979,ECB_SIM_EXTRACT_V1
2023-05-19,1.04801,1.274613,ECB_SIM_EXTRACT_V1
2023-05-20,1.045043,1.269691,ECB_SIM_EXTRACT_V1
2023-05-21,1.045502,1.27147,ECB_SIM_EXTRACT_V1
2023-05-22,1.049939,1.271024,ECB_SIM_EXTRACT_V1
2023-05-23,1.054785,1.271612,ECB_SIM_EXTRACT_V1
2023-05-24,1.050526,1.276864,ECB_SIM_EXTRACT_V1
2023-05-25,1.050057,1.271272,ECB_SIM_EXTRACT_V1
2023-05-26,1.055218,1.270355,ECB_SIM_EXTRACT_V1
2023-05-27,1.057463,1.2715,ECB_SIM_EXTRACT_V1
2023-05-28,1.058624,1.268322,ECB_SIM_EXTRACT_V1
2023-05-29,1.058374,1.275499,ECB_SIM_EXTRACT_V1
2023-05-30,1.057564,1.280085,ECB_SIM_EXTRACT_V1
2023-05-31,1.05904,1.281615,ECB_SIM_EXTRACT_V1
2023-06-01,1.058667,1.290484,ECB_SIM_EXTRACT_V1
2023-06-02,1.059009,1.283149,ECB_SIM_EXTRACT_V1
2023-06-03,1.059759,1.283193,ECB_SIM_EXTRACT_V1
2023-06-04,1.057935,1.285063,ECB_SIM_EXTRACT_V1
2023-06-05,1.060234,1.280663,ECB_SIM_EXTRACT_V1
2023-06-06,1.07064,1.282239,ECB_SIM_EXTRACT_V1
2023-06-07,1.064915,1.276951,ECB_SIM_EXTRACT_V1
2023-06-08,1.066435,1.280463,ECB_SIM_EXTRACT_V1
2023-06-09,1.064239,1.285735,ECB_SIM_EXTRACT_V1
2023-06-10,1.06663,1.287117,ECB_SIM_EXTRACT_V1
2023-06-11,1.067184,1.278121,ECB_SIM_EXTRACT_V1
2023-06-12,1.070177,1.273576,ECB_SIM_EXTRACT_V1
2023-06-13,1.074565,1.276508,ECB_SIM_EXTRACT_V1
2023-06-14,1.075529,1.276772,ECB_SIM_EXTRACT_V1
2023-06-15,1.079723,1.263924,ECB_SIM_EXTRACT_V1
2023-06-16,1.071893,1.270219,ECB_SIM_EXTRACT_V1
2023-06-17,1.077697,1.271114,ECB_SIM_EXTRACT_V1
2023-06-18,1.079257,1.267388,ECB_SIM_EXTRACT_V1
2023-06-19,1.083233,1.272459,ECB_SIM_EXTRACT_V1
2023-06-20,1.079212,1.269396,ECB_SIM_EXTRACT_V1
2023-06-21,1.076593,1.266324,ECB_SIM_EXTRACT_V1
2023-06-22,1.077374,1.268331,ECB_SIM_EXTRACT_V1
2023-06-23,1.077584,1.277204,ECB_SIM_EXTRACT_V1
2023-06-24,1.078827,1.285262,ECB_SIM_EXTRACT_V1
2023-06-25,1.08283,1.287077,ECB_SIM_EXTRACT_V1
2023-06-26,1.076934,1.289375,ECB_SIM_EXTRACT_V1
2023-06-27,1.08057,1.293267,ECB_SIM_EXTRACT_V1
2023-06-28,1.08083,1.287065,ECB_SIM_EXTRACT_V1
2023-06-29,1.080353,1.290255,ECB_SIM_EXTRACT_V1
2023-06-30,1.075512,1.286657,ECB_SIM_EXTRACT_V1
2023-07-01,1.077535,1.288256,ECB_SIM_EXTRACT_V1
2023-07-02,1.069508,1.287163,ECB_SIM_EXTRACT_V1
2023-07-03,1.072091,1.289651,ECB_SIM_EXTRACT_V1
2023-07-04,1.067313,1.290235,ECB_SIM_EXTRACT_V1
2023-07-05,1.067882,1.275253,ECB_SIM_EXTRACT_V1
2023-07-06,1.067855,1.276296,ECB_SIM_EXTRACT_V1
2023-07-07,1.07224,1.279578,ECB_SIM_EXTRACT_V1
2023-07-08,1.071956,1.281873,ECB_SIM_EXTRACT_V1
2023-07-09,1.069909,1.281471,ECB_SIM_EXTRACT_V1
2023-07-10,1.068532,1.289595,ECB_SIM_EXTRACT_V1
2023-07-11,1.073267,1.291127,ECB_SIM_EXTRACT_V1
2023-07-12,1.075428,1.293262,ECB_SIM_EXTRACT_V1
2023-07-13,1.074393,1.298366,ECB_SIM_EXTRACT_V1
2023-07-14,1.073884,1.300055,ECB_SIM_EXTRACT_V1
2023-07-15,1.06882,1.295506,ECB_SIM_EXTRACT_V1
2023-07-16,1.070519,1.283492,ECB_SIM_EXTRACT_V1
2023-07-17,1.064854,1.281245,ECB_SIM_EXTRACT_V1
2023-07-18,1.067835,1.28506,ECB_SIM_EXTRACT_V1
2023-07-19,1.068655,1.283396,ECB_SIM_EXTRACT_V1
2023-07-20,1.077223,1.287388,ECB_SIM_EXTRACT_V1
2023-07-21,1.073707,1.288148,ECB_SIM_EXTRACT_V1
2023-07-22,1.073666,1.29449,ECB_SIM_EXTRACT_V1
2023-07-23,1.080176,1.292985,ECB_SIM_EXTRACT_V1
2023-07-24,1.084539,1.295249,ECB_SIM_EXTRACT_V1
2023-07-25,1.082309,1.297678,ECB_SIM_EXTRACT_V1
2023-07-26,1.083296,1.305011,ECB_SIM_EXTRACT_V1
2023-07-27,1.083501,1.296395,ECB_SIM_EXTRACT_V1
2023-07-28,1.084676,1.294062,ECB_SIM_EXTRACT_V1
2023-07-29,1.082436,1.298192,ECB_SIM_EXTRACT_V1
2023-07-30,1.082336,1.305741,ECB_SIM_EXTRACT_V1
2023-07-31,1.077024,1.306743,ECB_SIM_EXTRACT_V1
2023-08-01,1.077763,1.305088,ECB_SIM_EXTRACT_V1
2023-08-02,1.079581,1.308666,ECB_SIM_EXTRACT_V1
2023-08-03,1.079038,1.312767,ECB_SIM_EXTRACT_V1
2023-08-04,1.073724,1.310699,ECB_SIM_EXTRACT_V1
2023-08-05,1.077438,1.312094,ECB_SIM_EXTRACT_V1
2023-08-06,1.078964,1.317725,ECB_SIM_EXTRACT_V1
2023-08-07,1.076709,1.326886,ECB_SIM_EXTRACT_V1
2023-08-08,1.076019,1.330186,ECB_SIM_EXTRACT_V1
2023-08-09,1.071148,1.329919,ECB_SIM_EXTRACT_V1
2023-08-10,1.067979,1.32916,ECB_SIM_EXTRACT_V1
2023-08-11,1.066521,1.3315,ECB_SIM_EXTRACT_V1
2023-08-12,1.071119,1.33041,ECB_SIM_EXTRACT_V1
2023-08-13,1.069271,1.330876,ECB_SIM_EXTRACT_V1
2023-08-14,1.071828,1.325041,ECB_SIM_EXTRACT_V1
2023-08-15,1.070316,1.331159,ECB_SIM_EXTRACT_V1
2023-08-16,1.071517,1.324905,ECB_SIM_EXTRACT_V1
2023-08-17,1.07137,1.322308,ECB_SIM_EXTRACT_V1
2023-08-18,1.074707,1.322405,ECB_SIM_EXTRACT_V1
2023-08-19,1.073169,1.332052,ECB_SIM_EXTRACT_V1
2023-08-20,1.068099,1.329402,ECB_SIM_EXTRACT_V1
2023-08-21,1.063762,1.325563,ECB_SIM_EXTRACT_V1
2023-08-22,1.06238,1.32236,ECB_SIM_EXTRACT_V1
2023-08-23,1.058584,1.330326,ECB_SIM_EXTRACT_V1
2023-08-24,1.060462,1.315699,ECB_SIM_EXTRACT_V1
2023-08-25,1.059348,1.310385,ECB_SIM_EXTRACT_V1
2023-08-26,1.067911,1.323807,ECB_SIM_EXTRACT_V1
2023-08-27,1.062367,1.326371,ECB_SIM_EXTRACT_V1
2023-08-28,1.063503,1.320368,ECB_SIM_EXTRACT_V1
2023-08-29,1.060101,1.319789,ECB_SIM_EXTRACT_V1
2023-08-30,1.058898,1.319766,ECB_SIM_EXTRACT_V1
2023-08-31,1.059861,1.323653,ECB_SIM_EXTRACT_V1
2023-09-01,1.052473,1.332526,ECB_SIM_EXTRACT_V1
2023-09-02,1.053829,1.333976,ECB_SIM_EXTRACT_V1
2023-09-03,1.060812,1.330707,ECB_SIM_EXTRACT_V1
2023-09-04,1.059735,1.334196,ECB_SIM_EXTRACT_V1
2023-09-05,1.061091,1.330122,ECB_SIM_EXTRACT_V1
2023-09-06,1.065037,1.324423,ECB_SIM_EXTRACT_V1
2023-09-07,1.064891,1.315179,ECB_SIM_EXTRACT_V1
2023-09-08,1.063327,1.307077,ECB_SIM_EXTRACT_V1
2023-09-09,1.056041,1.302427,ECB_SIM_EXTRACT_V1
2023-09-10,1.058728,1.296462,ECB_SIM_EXTRACT_V1
2023-09-11,1.05883,1.297928,ECB_SIM_EXTRACT_V1
2023-09-12,1.055888,1.291931,ECB_SIM_EXTRACT_V1
2023-09-13,1.056834,1.276566,ECB_SIM_EXTRACT_V1
2023-09-14,1.055369,1.271672,ECB_SIM_EXTRACT_V1
2023-09-15,1.05411,1.269612,ECB_SIM_EXTRACT_V1
2023-09-16,1.056697,1.266937,ECB_SIM_EXTRACT_V1
2023-09-17,1.052688,1.274549,ECB_SIM_EXTRACT_V1
2023-09-18,1.05678,1.271765,ECB_SIM_EXTRACT_V1
2023-09-19,1.05257,1.276247,ECB_SIM_EXTRACT_V1
2023-09-20,1.050896,1.276319,ECB_SIM_EXTRACT_V1
2023-09-21,1.057962,1.276277,ECB_SIM_EXTRACT_V1
2023-09-22,1.062282,1.272396,ECB_SIM_EXTRACT_V1
2023-09-23,1.063059,1.272321,ECB_SIM_EXTRACT_V1
2023-09-24,1.060299,1.268838,ECB_SIM_EXTRACT_V1
2023-09-25,1.058972,1.26991,ECB_SIM_EXTRACT_V1
2023-09-26,1.059703,1.269009,ECB_SIM_EXTRACT_V1
2023-09-27,1.060305,1.264711,ECB_SIM_EXTRACT_V1
2023-09-28,1.060464,1.269789,ECB_SIM_EXTRACT_V1
2023-09-29,1.060826,1.272091,ECB_SIM_EXTRACT_V1
2023-09-30,1.06056,1.27014,ECB_SIM_EXTRACT_V1
2023-10-01,1.05614,1.271079,ECB_SIM_EXTRACT_V1
2023-10-02,1.054911,1.2709,ECB_SIM_EXTRACT_V1
2023-10-03,1.058534,1.266943,ECB_SIM_EXTRACT_V1
2023-10-04,1.054395,1.267557,ECB_SIM_EXTRACT_V1
2023-10-05,1.054292,1.264836,ECB_SIM_EXTRACT_V1
2023-10-06,1.052065,1.2606,ECB_SIM_EXTRACT_V1
2023-10-07,1.053003,1.253197,ECB_SIM_EXTRACT_V1
2023-10-08,1.052245,1.251925,ECB_SIM_EXTRACT_V1
2023-10-09,1.057795,1.255077,ECB_SIM_EXTRACT_V1
2023-10-10,1.060009,1.25218,ECB_SIM_EXTRACT_V1
2023-10-11,1.056038,1.264684,ECB_SIM_EXTRACT_V1
2023-10-12,1.058826,1.269249,ECB_SIM_EXTRACT_V1
2023-10-13,1.056689,1.275804,ECB_SIM_EXTRACT_V1
2023-10-14,1.055248,1.279835,ECB_SIM_EXTRACT_V1
2023-10-15,1.056835,1.289,ECB_SIM_EXTRACT_V1
2023-10-16,1.05568,1.285163,ECB_SIM_EXTRACT_V1
2023-10-17,1.059223,1.272776,ECB_SIM_EXTRACT_V1
2023-10-18,1.05708,1.270825,ECB_SIM_EXTRACT_V1
2023-10-19,1.055493,1.273752,ECB_SIM_EXTRACT_V1
2023-10-20,1.0538,1.27468,ECB_SIM_EXTRACT_V1
2023-10-21,1.052436,1.276198,ECB_SIM_EXTRACT_V1
2023-10-22,1.056705,1.282785,ECB_SIM_EXTRACT_V1
2023-10-23,1.059344,1.284735,ECB_SIM_EXTRACT_V1
2023-10-24,1.065638,1.288705,ECB_SIM_EXTRACT_V1
2023-10-25,1.073807,1.284127,ECB_SIM_EXTRACT_V1
2023-10-26,1.070581,1.278863,ECB_SIM_EXTRACT_V1
2023-10-27,1.071171,1.286865,ECB_SIM_EXTRACT_V1
2023-10-28,1.067487,1.287396,ECB_SIM_EXTRACT_V1
2023-10-29,1.065217,1.284382,ECB_SIM_EXTRACT_V1
2023-10-30,1.063482,1.28142,ECB_SIM_EXTRACT_V1
2023-10-31,1.06032,1.278366,ECB_SIM_EXTRACT_V1
2023-11-01,1.057222,1.275065,ECB_SIM_EXTRACT_V1
2023-11-02,1.057238,1.26904,ECB_SIM_EXTRACT_V1
2023-11-03,1.05363,1.262073,ECB_SIM_EXTRACT_V1
2023-11-04,1.05702,1.26147,ECB_SIM_EXTRACT_V1
2023-11-05,1.054424,1.258968,ECB_SIM_EXTRACT_V1
2023-11-06,1.064487,1.264646,ECB_SIM_EXTRACT_V1
2023-11-07,1.063369,1.266357,ECB_SIM_EXTRACT_V1
2023-11-08,1.064047,1.267915,ECB_SIM_EXTRACT_V1
2023-11-09,1.060068,1.264602,ECB_SIM_EXTRACT_V1
2023-11-10,1.066344,1.264322,ECB_SIM_EXTRACT_V1
2023-11-11,1.07057,1.266363,ECB_SIM_EXTRACT_V1
2023-11-12,1.071937,1.270096,ECB_SIM_EXTRACT_V1
2023-11-13,1.067658,1.26988,ECB_SIM_EXTRACT_V1
2023-11-14,1.068761,1.275339,ECB_SIM_EXTRACT_V1
2023-11-15,1.065301,1.275552,ECB_SIM_EXTRACT_V1
2023-11-16,1.070709,1.279574,ECB_SIM_EXTRACT_V1
2023-11-17,1.073833,1.277319,ECB_SIM_EXTRACT_V1
2023-11-18,1.074471,1.268702,ECB_SIM_EXTRACT_V1
2023-11-19,1.066427,1.27025,ECB_SIM_EXTRACT_V1
2023-11-20,1.063472,1.273992,ECB_SIM_EXTRACT_V1
2023-11-21,1.066247,1.276971,ECB_SIM_EXTRACT_V1
2023-11-22,1.070794,1.279177,ECB_SIM_EXTRACT_V1
2023-11-23,1.074948,1.277613,ECB_SIM_EXTRACT_V1
2023-11-24,1.069782,1.27385,ECB_SIM_EXTRACT_V1
2023-11-25,1.071173,1.276717,ECB_SIM_EXTRACT_V1
2023-11-26,1.075002,1.278946,ECB_SIM_EXTRACT_V1
2023-11-27,1.069607,1.276355,ECB_SIM_EXTRACT_V1
2023-11-28,1.06994,1.281911,ECB_SIM_EXTRACT_V1
2023-11-29,1.071234,1.277714,ECB_SIM_EXTRACT_V1
2023-11-30,1.070544,1.27503,ECB_SIM_EXTRACT_V1
2023-12-01,1.064564,1.283163,ECB_SIM_EXTRACT_V1
2023-12-02,1.063873,1.287487,ECB_SIM_EXTRACT_V1
2023-12-03,1.063185,1.285767,ECB_SIM_EXTRACT_V1
2023-12-04,1.063116,1.287223,ECB_SIM_EXTRACT_V1
2023-12-05,1.061635,1.288013,ECB_SIM_EXTRACT_V1
2023-12-06,1.060583,1.274669,ECB_SIM_EXTRACT_V1
2023-12-07,1.060913,1.270468,ECB_SIM_EXTRACT_V1
2023-12-08,1.062877,1.270455,ECB_SIM_EXTRACT_V1
2023-12-09,1.06228,1.268967,ECB_SIM_EXTRACT_V1
2023-12-10,1.061333,1.270409,ECB_SIM_EXTRACT_V1
2023-12-11,1.062102,1.276108,ECB_SIM_EXTRACT_V1
2023-12-12,1.056038,1.274716,ECB_SIM_EXTRACT_V1
2023-12-13,1.058169,1.269784,ECB_SIM_EXTRACT_V1
2023-12-14,1.058659,1.271594,ECB_SIM_EXTRACT_V1
2023-12-15,1.059281,1.270235,ECB_SIM_EXTRACT_V1
2023-12-16,1.063023,1.269718,ECB_SIM_EXTRACT_V1
2023-12-17,1.056835,1.268552,ECB_SIM_EXTRACT_V1
2023-12-18,1.050685,1.279662,ECB_SIM_EXTRACT_V1
2023-12-19,1.052185,1.268935,ECB_SIM_EXTRACT_V1
2023-12-20,1.052722,1.267314,ECB_SIM_EXTRACT_V1
2023-12-21,1.053851,1.267566,ECB_SIM_EXTRACT_V1
2023-12-22,1.052835,1.264075,ECB_SIM_EXTRACT_V1
2023-12-23,1.055631,1.268714,ECB_SIM_EXTRACT_V1
2023-12-24,1.059309,1.272895,ECB_SIM_EXTRACT_V1
2023-12-25,1.061431,1.272868,ECB_SIM_EXTRACT_V1
2023-12-26,1.061,1.271763,ECB_SIM_EXTRACT_V1
2023-12-27,1.054325,1.27144,ECB_SIM_EXTRACT_V1
2023-12-28,1.057461,1.271155,ECB_SIM_EXTRACT_V1
2023-12-29,1.062106,1.271001,ECB_SIM_EXTRACT_V1
2023-12-30,1.064747,1.270319,ECB_SIM_EXTRACT_V1
2023-12-31,1.062169,1.271773,ECB_SIM_EXTRACT_V1
2024-01-01,1.064909,1.275636,ECB_SIM_EXTRACT_V1
2024-01-02,1.068261,1.269857,ECB_SIM_EXTRACT_V1
2024-01-03,1.07398,1.265036,ECB_SIM_EXTRACT_V1
2024-01-04,1.071281,1.256953,ECB_SIM_EXTRACT_V1
2024-01-05,1.070845,1.261491,ECB_SIM_EXTRACT_V1
2024-01-06,1.073755,1.26303,ECB_SIM_EXTRACT_V1
2024-01-07,1.074263,1.265779,ECB_SIM_EXTRACT_V1
2024-01-08,1.070733,1.259208,ECB_SIM_EXTRACT_V1
2024-01-09,1.072502,1.268145,ECB_SIM_EXTRACT_V1
2024-01-10,1.074816,1.265474,ECB_SIM_EXTRACT_V1
2024-01-11,1.075417,1.266575,ECB_SIM_EXTRACT_V1
2024-01-12,1.076465,1.270973,ECB_SIM_EXTRACT_V1
2024-01-13,1.075854,1.266441,ECB_SIM_EXTRACT_V1
2024-01-14,1.081243,1.264094,ECB_SIM_EXTRACT_V1
2024-01-15,1.078354,1.265263,ECB_SIM_EXTRACT_V1
2024-01-16,1.076586,1.279374,ECB_SIM_EXTRACT_V1
2024-01-17,1.076901,1.280966,ECB_SIM_EXTRACT_V1
2024-01-18,1.08021,1.288918,ECB_SIM_EXTRACT_V1
2024-01-19,1.07528,1.29485,ECB_SIM_EXTRACT_V1
2024-01-20,1.071073,1.296603,ECB_SIM_EXTRACT_V1
2024-01-21,1.064452,1.291659,ECB_SIM_EXTRACT_V1
2024-01-22,1.064983,1.296852,ECB_SIM_EXTRACT_V1
2024-01-23,1.061591,1.289408,ECB_SIM_EXTRACT_V1
2024-01-24,1.060738,1.297283,ECB_SIM_EXTRACT_V1
2024-01-25,1.063449,1.298181,ECB_SIM_EXTRACT_V1
2024-01-26,1.061698,1.285076,ECB_SIM_EXTRACT_V1
2024-01-27,1.062936,1.283473,ECB_SIM_EXTRACT_V1
2024-01-28,1.062356,1.286745,ECB_SIM_EXTRACT_V1
2024-01-29,1.065088,1.285625,ECB_SIM_EXTRACT_V1
2024-01-30,1.067121,1.289176,ECB_SIM_EXTRACT_V1
2024-01-31,1.065149,1.285028,ECB_SIM_EXTRACT_V1
2024-02-01,1.064986,1.278726,ECB_SIM_EXTRACT_V1
2024-02-02,1.068964,1.278513,ECB_SIM_EXTRACT_V1
2024-02-03,1.070678,1.278804,ECB_SIM_EXTRACT_V1
2024-02-04,1.066248,1.277246,ECB_SIM_EXTRACT_V1
2024-02-05,1.068887,1.283369,ECB_SIM_EXTRACT_V1
2024-02-06,1.06555,1.279309,ECB_SIM_EXTRACT_V1
2024-02-07,1.070786,1.28096,ECB_SIM_EXTRACT_V1
2024-02-08,1.074648,1.281399,ECB_SIM_EXTRACT_V1
2024-02-09,1.075946,1.273944,ECB_SIM_EXTRACT_V1
2024-02-10,1.076774,1.267765,ECB_SIM_EXTRACT_V1
2024-02-11,1.076329,1.268087,ECB_SIM_EXTRACT_V1
2024-02-12,1.07895,1.277932,ECB_SIM_EXTRACT_V1
2024-02-13,1.077921,1.280893,ECB_SIM_EXTRACT_V1
2024-02-14,1.078996,1.272629,ECB_SIM_EXTRACT_V1
2024-02-15,1.082261,1.25788,ECB_SIM_EXTRACT_V1
2024-02-16,1.080528,1.261771,ECB_SIM_EXTRACT_V1
2024-02-17,1.078631,1.261644,ECB_SIM_EXTRACT_V1
2024-02-18,1.074769,1.267466,ECB_SIM_EXTRACT_V1
2024-02-19,1.071413,1.263498,ECB_SIM_EXTRACT_V1
2024-02-20,1.065499,1.265496,ECB_SIM_EXTRACT_V1
2024-02-21,1.068399,1.269864,ECB_SIM_EXTRACT_V1
2024-02-22,1.074977,1.267946,ECB_SIM_EXTRACT_V1
2024-02-23,1.08019,1.266156,ECB_SIM_EXTRACT_V1
2024-02-24,1.074818,1.266561,ECB_SIM_EXTRACT_V1
2024-02-25,1.077613,1.269455,ECB_SIM_EXTRACT_V1
2024-02-26,1.082795,1.269631,ECB_SIM_EXTRACT_V1
2024-02-27,1.081418,1.274582,ECB_SIM_EXTRACT_V1
2024-02-28,1.081991,1.27253,ECB_SIM_EXTRACT_V1
2024-02-29,1.075274,1.26633,ECB_SIM_EXTRACT_V1
2024-03-01,1.076486,1.276163,ECB_SIM_EXTRACT_V1
2024-03-02,1.073106,1.273399,ECB_SIM_EXTRACT_V1
2024-03-03,1.074111,1.270849,ECB_SIM_EXTRACT_V1
2024-03-04,1.069064,1.270759,ECB_SIM_EXTRACT_V1
2024-03-05,1.071289,1.271313,ECB_SIM_EXTRACT_V1
2024-03-06,1.075148,1.269668,ECB_SIM_EXTRACT_V1
2024-03-07,1.072751,1.269826,ECB_SIM_EXTRACT_V1
2024-03-08,1.069177,1.269874,ECB_SIM_EXTRACT_V1
2024-03-09,1.062189,1.270958,ECB_SIM_EXTRACT_V1
2024-03-10,1.061729,1.259848,ECB_SIM_EXTRACT_V1
2024-03-11,1.060205,1.269245,ECB_SIM_EXTRACT_V1
2024-03-12,1.055423,1.268782,ECB_SIM_EXTRACT_V1
2024-03-13,1.057479,1.271837,ECB_SIM_EXTRACT_V1
2024-03-14,1.056457,1.26541,ECB_SIM_EXTRACT_V1
2024-03-15,1.053337,1.263439,ECB_SIM_EXTRACT_V1
2024-03-16,1.052016,1.26053,ECB_SIM_EXTRACT_V1
2024-03-17,1.056194,1.267941,ECB_SIM_EXTRACT_V1
2024-03-18,1.05875,1.265383,ECB_SIM_EXTRACT_V1
2024-03-19,1.058795,1.269327,ECB_SIM_EXTRACT_V1
2024-03-20,1.061381,1.266439,ECB_SIM_EXTRACT_V1
2024-03-21,1.057899,1.264543,ECB_SIM_EXTRACT_V1
2024-03-22,1.058504,1.263665,ECB_SIM_EXTRACT_V1
2024-03-23,1.059492,1.27016,ECB_SIM_EXTRACT_V1
2024-03-24,1.058377,1.261305,ECB_SIM_EXTRACT_V1
2024-03-25,1.060343,1.255354,ECB_SIM_EXTRACT_V1
2024-03-26,1.058165,1.246506,ECB_SIM_EXTRACT_V1
2024-03-27,1.060386,1.241877,ECB_SIM_EXTRACT_V1
2024-03-28,1.062727,1.238617,ECB_SIM_EXTRACT_V1
2024-03-29,1.053289,1.231642,ECB_SIM_EXTRACT_V1
2024-03-30,1.057859,1.228894,ECB_SIM_EXTRACT_V1
2024-03-31,1.048084,1.220232,ECB_SIM_EXTRACT_V1
2024-04-01,1.046627,1.216332,ECB_SIM_EXTRACT_V1
2024-04-02,1.050693,1.222755,ECB_SIM_EXTRACT_V1
2024-04-03,1.050205,1.225419,ECB_SIM_EXTRACT_V1
2024-04-04,1.04587,1.227048,ECB_SIM_EXTRACT_V1
2024-04-05,1.042847,1.223116,ECB_SIM_EXTRACT_V1
2024-04-06,1.04695,1.216774,ECB_SIM_EXTRACT_V1
2024-04-07,1.04115,1.212368,ECB_SIM_EXTRACT_V1
2024-04-08,1.045608,1.213072,ECB_SIM_EXTRACT_V1
2024-04-09,1.04606,1.217979,ECB_SIM_EXTRACT_V1
2024-04-10,1.042705,1.223006,ECB_SIM_EXTRACT_V1
2024-04-11,1.041429,1.226725,ECB_SIM_EXTRACT_V1
2024-04-12,1.038727,1.22403,ECB_SIM_EXTRACT_V1
2024-04-13,1.042326,1.224915,ECB_SIM_EXTRACT_V1
2024-04-14,1.045448,1.224181,ECB_SIM_EXTRACT_V1
2024-04-15,1.040347,1.224014,ECB_SIM_EXTRACT_V1
2024-04-16,1.0397,1.234304,ECB_SIM_EXTRACT_V1
2024-04-17,1.037533,1.226717,ECB_SIM_EXTRACT_V1
2024-04-18,1.042568,1.226363,ECB_SIM_EXTRACT_V1
2024-04-19,1.038742,1.232771,ECB_SIM_EXTRACT_V1
2024-04-20,1.044806,1.226591,ECB_SIM_EXTRACT_V1
2024-04-21,1.04534,1.224334,ECB_SIM_EXTRACT_V1
2024-04-22,1.042098,1.222642,ECB_SIM_EXTRACT_V1
2024-04-23,1.040517,1.222391,ECB_SIM_EXTRACT_V1
2024-04-24,1.038544,1.215786,ECB_SIM_EXTRACT_V1
2024-04-25,1.03503,1.219406,ECB_SIM_EXTRACT_V1
2024-04-26,1.036101,1.223323,ECB_SIM_EXTRACT_V1
2024-04-27,1.032779,1.226469,ECB_SIM_EXTRACT_V1
2024-04-28,1.026375,1.22316,ECB_SIM_EXTRACT_V1
2024-04-29,1.025981,1.224344,ECB_SIM_EXTRACT_V1
2024-04-30,1.020932,1.220932,ECB_SIM_EXTRACT_V1
2024-05-01,1.01939,1.220195,ECB_SIM_EXTRACT_V1
2024-05-02,1.017357,1.231043,ECB_SIM_EXTRACT_V1
2024-05-03,1.015476,1.232182,ECB_SIM_EXTRACT_V1
2024-05-04,1.02298,1.227309,ECB_SIM_EXTRACT_V1
2024-05-05,1.024057,1.228885,ECB_SIM_EXTRACT_V1
2024-05-06,1.025741,1.223301,ECB_SIM_EXTRACT_V1
2024-05-07,1.020783,1.218516,ECB_SIM_EXTRACT_V1
2024-05-08,1.019563,1.214535,ECB_SIM_EXTRACT_V1
2024-05-09,1.021196,1.213364,ECB_SIM_EXTRACT_V1
2024-05-10,1.018762,1.218587,ECB_SIM_EXTRACT_V1
2024-05-11,1.022667,1.222103,ECB_SIM_EXTRACT_V1
2024-05-12,1.01963,1.225329,ECB_SIM_EXTRACT_V1
2024-05-13,1.019624,1.220976,ECB_SIM_EXTRACT_V1
2024-05-14,1.018641,1.219272,ECB_SIM_EXTRACT_V1
2024-05-15,1.020117,1.221359,ECB_SIM_EXTRACT_V1
2024-05-16,1.01895,1.219246,ECB_SIM_EXTRACT_V1
2024-05-17,1.019002,1.218781,ECB_SIM_EXTRACT_V1
2024-05-18,1.019168,1.221659,ECB_SIM_EXTRACT_V1
2024-05-19,1.017707,1.220839,ECB_SIM_EXTRACT_V1
2024-05-20,1.02024,1.222696,ECB_SIM_EXTRACT_V1
2024-05-21,1.021941,1.23091,ECB_SIM_EXTRACT_V1
2024-05-22,1.022554,1.230799,ECB_SIM_EXTRACT_V1
2024-05-23,1.022041,1.237024,ECB_SIM_EXTRACT_V1
2024-05-24,1.025554,1.24028,ECB_SIM_EXTRACT_V1
2024-05-25,1.025643,1.233966,ECB_SIM_EXTRACT_V1
2024-05-26,1.025497,1.229464,ECB_SIM_EXTRACT_V1
2024-05-27,1.026705,1.226283,ECB_SIM_EXTRACT_V1
2024-05-28,1.033149,1.223049,ECB_SIM_EXTRACT_V1
2024-05-29,1.029501,1.223411,ECB_SIM_EXTRACT_V1
2024-05-30,1.032861,1.227052,ECB_SIM_EXTRACT_V1
2024-05-31,1.027399,1.233659,ECB_SIM_EXTRACT_V1
2024-06-01,1.028956,1.235767,ECB_SIM_EXTRACT_V1
2024-06-02,1.034984,1.234312,ECB_SIM_EXTRACT_V1
2024-06-03,1.037362,1.225233,ECB_SIM_EXTRACT_V1
2024-06-04,1.038659,1.226319,ECB_SIM_EXTRACT_V1
2024-06-05,1.037512,1.227184,ECB_SIM_EXTRACT_V1
2024-06-06,1.038344,1.228774,ECB_SIM_EXTRACT_V1
2024-06-07,1.038225,1.239371,ECB_SIM_EXTRACT_V1
2024-06-08,1.036336,1.245826,ECB_SIM_EXTRACT_V1
2024-06-09,1.036116,1.25007,ECB_SIM_EXTRACT_V1
2024-06-10,1.037518,1.245979,ECB_SIM_EXTRACT_V1
2024-06-11,1.035701,1.24407,ECB_SIM_EXTRACT_V1
2024-06-12,1.033779,1.244163,ECB_SIM_EXTRACT_V1
2024-06-13,1.030056,1.241041,ECB_SIM_EXTRACT_V1
2024-06-14,1.032158,1.243981,ECB_SIM_EXTRACT_V1
2024-06-15,1.034751,1.246213,ECB_SIM_EXTRACT_V1
2024-06-16,1.036278,1.241584,ECB_SIM_EXTRACT_V1
2024-06-17,1.040229,1.247816,ECB_SIM_EXTRACT_V1
2024-06-18,1.041219,1.248799,ECB_SIM_EXTRACT_V1
2024-06-19,1.043213,1.241104,ECB_SIM_EXTRACT_V1
2024-06-20,1.044892,1.241438,ECB_SIM_EXTRACT_V1
2024-06-21,1.045231,1.243337,ECB_SIM_EXTRACT_V1
2024-06-22,1.044097,1.248494,ECB_SIM_EXTRACT_V1
2024-06-23,1.052179,1.247383,ECB_SIM_EXTRACT_V1
2024-06-24,1.051219,1.251819,ECB_SIM_EXTRACT_V1
2024-06-25,1.049552,1.253161,ECB_SIM_EXTRACT_V1
2024-06-26,1.051603,1.247348,ECB_SIM_EXTRACT_V1
2024-06-27,1.05302,1.241159,ECB_SIM_EXTRACT_V1
2024-06-28,1.048846,1.247042,ECB_SIM_EXTRACT_V1
2024-06-29,1.053222,1.253231,ECB_SIM_EXTRACT_V1
2024-06-30,1.053454,1.255206,ECB_SIM_EXTRACT_V1
2024-07-01,1.050261,1.262774,ECB_SIM_EXTRACT_V1
2024-07-02,1.054849,1.268179,ECB_SIM_EXTRACT_V1
2024-07-03,1.057495,1.271738,ECB_SIM_EXTRACT_V1
2024-07-04,1.053722,1.267559,ECB_SIM_EXTRACT_V1
2024-07-05,1.060279,1.276195,ECB_SIM_EXTRACT_V1
2024-07-06,1.062985,1.278964,ECB_SIM_EXTRACT_V1
2024-07-07,1.063387,1.277221,ECB_SIM_EXTRACT_V1
2024-07-08,1.069247,1.274134,ECB_SIM_EXTRACT_V1
2024-07-09,1.070156,1.275568,ECB_SIM_EXTRACT_V1
2024-07-10,1.070413,1.267664,ECB_SIM_EXTRACT_V1
2024-07-11,1.068503,1.271306,ECB_SIM_EXTRACT_V1
2024-07-12,1.070868,1.266929,ECB_SIM_EXTRACT_V1
2024-07-13,1.072848,1.26899,ECB_SIM_EXTRACT_V1
2024-07-14,1.07322,1.266726,ECB_SIM_EXTRACT_V1
2024-07-15,1.070827,1.265731,ECB_SIM_EXTRACT_V1
2024-07-16,1.071618,1.262383,ECB_SIM_EXTRACT_V1
2024-07-17,1.071715,1.261938,ECB_SIM_EXTRACT_V1
2024-07-18,1.067485,1.271366,ECB_SIM_EXTRACT_V1
2024-07-19,1.062852,1.278298,ECB_SIM_EXTRACT_V1
2024-07-20,1.065215,1.280161,ECB_SIM_EXTRACT_V1
2024-07-21,1.05679,1.280156,ECB_SIM_EXTRACT_V1
2024-07-22,1.057993,1.284387,ECB_SIM_EXTRACT_V1
2024-07-23,1.05687,1.289982,ECB_SIM_EXTRACT_V1
2024-07-24,1.061813,1.28592,ECB_SIM_EXTRACT_V1
2024-07-25,1.060587,1.285591,ECB_SIM_EXTRACT_V1
2024-07-26,1.063293,1.276773,ECB_SIM_EXTRACT_V1
2024-07-27,1.062376,1.282393,ECB_SIM_EXTRACT_V1
2024-07-28,1.063207,1.292587,ECB_SIM_EXTRACT_V1
2024-07-29,1.066152,1.292949,ECB_SIM_EXTRACT_V1
2024-07-30,1.064974,1.282516,ECB_SIM_EXTRACT_V1
2024-07-31,1.068791,1.285576,ECB_SIM_EXTRACT_V1
2024-08-01,1.065766,1.28122,ECB_SIM_EXTRACT_V1
2024-08-02,1.067176,1.278099,ECB_SIM_EXTRACT_V1
2024-08-03,1.07072,1.281289,ECB_SIM_EXTRACT_V1
2024-08-04,1.073332,1.282633,ECB_SIM_EXTRACT_V1
2024-08-05,1.080252,1.280344,ECB_SIM_EXTRACT_V1
2024-08-06,1.077851,1.277303,ECB_SIM_EXTRACT_V1
2024-08-07,1.073366,1.278065,ECB_SIM_EXTRACT_V1
2024-08-08,1.070271,1.27622,ECB_SIM_EXTRACT_V1
2024-08-09,1.072888,1.271016,ECB_SIM_EXTRACT_V1
2024-08-10,1.074921,1.269637,ECB_SIM_EXTRACT_V1
2024-08-11,1.07557,1.271519,ECB_SIM_EXTRACT_V1
2024-08-12,1.072001,1.270879,ECB_SIM_EXTRACT_V1
2024-08-13,1.074968,1.264297,ECB_SIM_EXTRACT_V1
2024-08-14,1.071059,1.269365,ECB_SIM_EXTRACT_V1
2024-08-15,1.075382,1.256465,ECB_SIM_EXTRACT_V1
2024-08-16,1.085555,1.254732,ECB_SIM_EXTRACT_V1
2024-08-17,1.087001,1.252195,ECB_SIM_EXTRACT_V1
2024-08-18,1.089187,1.253348,ECB_SIM_EXTRACT_V1
2024-08-19,1.087599,1.25646,ECB_SIM_EXTRACT_V1
2024-08-20,1.081465,1.262251,ECB_SIM_EXTRACT_V1
2024-08-21,1.079601,1.259167,ECB_SIM_EXTRACT_V1
2024-08-22,1.076074,1.262343,ECB_SIM_EXTRACT_V1
2024-08-23,1.071385,1.263611,ECB_SIM_EXTRACT_V1
2024-08-24,1.077647,1.255731,ECB_SIM_EXTRACT_V1
2024-08-25,1.078854,1.265241,ECB_SIM_EXTRACT_V1
2024-08-26,1.080418,1.258635,ECB_SIM_EXTRACT_V1
2024-08-27,1.079582,1.261016,ECB_SIM_EXTRACT_V1
2024-08-28,1.079228,1.26323,ECB_SIM_EXTRACT_V1
2024-08-29,1.082812,1.264872,ECB_SIM_EXTRACT_V1
2024-08-30,1.082905,1.262795,ECB_SIM_EXTRACT_V1
2024-08-31,1.084949,1.267095,ECB_SIM_EXTRACT_V1
2024-09-01,1.084448,1.259875,ECB_SIM_EXTRACT_V1
2024-09-02,1.083446,1.259917,ECB_SIM_EXTRACT_V1
2024-09-03,1.078776,1.257577,ECB_SIM_EXTRACT_V1
2024-09-04,1.072221,1.254727,ECB_SIM_EXTRACT_V1
2024-09-05,1.071653,1.257191,ECB_SIM_EXTRACT_V1
2024-09-06,1.072182,1.26274,ECB_SIM_EXTRACT_V1
2024-09-07,1.068107,1.261417,ECB_SIM_EXTRACT_V1
2024-09-08,1.068366,1.265505,ECB_SIM_EXTRACT_V1
2024-09-09,1.068924,1.266035,ECB_SIM_EXTRACT_V1
2024-09-10,1.06194,1.262032,ECB_SIM_EXTRACT_V1
2024-09-11,1.059282,1.261127,ECB_SIM_EXTRACT_V1
2024-09-12,1.061144,1.260035,ECB_SIM_EXTRACT_V1
2024-09-13,1.062917,1.257058,ECB_SIM_EXTRACT_V1
2024-09-14,1.059437,1.259497,ECB_SIM_EXTRACT_V1
2024-09-15,1.060452,1.260983,ECB_SIM_EXTRACT_V1
2024-09-16,1.064395,1.253726,ECB_SIM_EXTRACT_V1
2024-09-17,1.067466,1.246309,ECB_SIM_EXTRACT_V1
2024-09-18,1.067525,1.248838,ECB_SIM_EXTRACT_V1
2024-09-19,1.066311,1.24546,ECB_SIM_EXTRACT_V1
2024-09-20,1.064563,1.247416,ECB_SIM_EXTRACT_V1
2024-09-21,1.066577,1.251627,ECB_SIM_EXTRACT_V1
2024-09-22,1.067638,1.246048,ECB_SIM_EXTRACT_V1
2024-09-23,1.070174,1.239898,ECB_SIM_EXTRACT_V1
2024-09-24,1.070979,1.248406,ECB_SIM_EXTRACT_V1
2024-09-25,1.074133,1.250567,ECB_SIM_EXTRACT_V1
2024-09-26,1.074765,1.249041,ECB_SIM_EXTRACT_V1
2024-09-27,1.077768,1.245098,ECB_SIM_EXTRACT_V1
2024-09-28,1.08104,1.243214,ECB_SIM_EXTRACT_V1
2024-09-29,1.078486,1.238151,ECB_SIM_EXTRACT_V1
2024-09-30,1.072518,1.242926,ECB_SIM_EXTRACT_V1
2024-10-01,1.078155,1.239816,ECB_SIM_EXTRACT_V1
2024-10-02,1.079301,1.245571,ECB_SIM_EXTRACT_V1
2024-10-03,1.07364,1.2442,ECB_SIM_EXTRACT_V1
2024-10-04,1.071503,1.239814,ECB_SIM_EXTRACT_V1
2024-10-05,1.074491,1.238397,ECB_SIM_EXTRACT_V1
2024-10-06,1.073832,1.22671,ECB_SIM_EXTRACT_V1
2024-10-07,1.072384,1.226888,ECB_SIM_EXTRACT_V1
2024-10-08,1.07753,1.226833,ECB_SIM_EXTRACT_V1
2024-10-09,1.074191,1.231426,ECB_SIM_EXTRACT_V1
2024-10-10,1.071757,1.223313,ECB_SIM_EXTRACT_V1
2024-10-11,1.072817,1.229508,ECB_SIM_EXTRACT_V1
2024-10-12,1.074481,1.234059,ECB_SIM_EXTRACT_V1
2024-10-13,1.076492,1.240605,ECB_SIM_EXTRACT_V1
2024-10-14,1.079915,1.240937,ECB_SIM_EXTRACT_V1
2024-10-15,1.080841,1.246307,ECB_SIM_EXTRACT_V1
2024-10-16,1.082763,1.239872,ECB_SIM_EXTRACT_V1
2024-10-17,1.08207,1.243827,ECB_SIM_EXTRACT_V1
2024-10-18,1.082501,1.24073,ECB_SIM_EXTRACT_V1
2024-10-19,1.083082,1.233545,ECB_SIM_EXTRACT_V1
2024-10-20,1.084029,1.228946,ECB_SIM_EXTRACT_V1
2024-10-21,1.086903,1.229688,ECB_SIM_EXTRACT_V1
2024-10-22,1.088992,1.226546,ECB_SIM_EXTRACT_V1
2024-10-23,1.089278,1.229044,ECB_SIM_EXTRACT_V1
2024-10-24,1.086589,1.221337,ECB_SIM_EXTRACT_V1
2024-10-25,1.086984,1.2123,ECB_SIM_EXTRACT_V1
2024-10-26,1.087042,1.219548,ECB_SIM_EXTRACT_V1
2024-10-27,1.087869,1.224569,ECB_SIM_EXTRACT_V1
2024-10-28,1.095723,1.220458,ECB_SIM_EXTRACT_V1
2024-10-29,1.093939,1.221256,ECB_SIM_EXTRACT_V1
2024-10-30,1.095491,1.226802,ECB_SIM_EXTRACT_V1
2024-10-31,1.099297,1.229499,ECB_SIM_EXTRACT_V1
2024-11-01,1.09965,1.230901,ECB_SIM_EXTRACT_V1
2024-11-02,1.107912,1.23673,ECB_SIM_EXTRACT_V1
2024-11-03,1.106477,1.233925,ECB_SIM_EXTRACT_V1
2024-11-04,1.107547,1.234729,ECB_SIM_EXTRACT_V1
2024-11-05,1.104629,1.235294,ECB_SIM_EXTRACT_V1
2024-11-06,1.103332,1.234657,ECB_SIM_EXTRACT_V1
2024-11-07,1.104171,1.233478,ECB_SIM_EXTRACT_V1
2024-11-08,1.107115,1.234483,ECB_SIM_EXTRACT_V1
2024-11-09,1.10816,1.235296,ECB_SIM_EXTRACT_V1
2024-11-10,1.112536,1.231025,ECB_SIM_EXTRACT_V1
2024-11-11,1.112046,1.235475,ECB_SIM_EXTRACT_V1
2024-11-12,1.11072,1.231537,ECB_SIM_EXTRACT_V1
2024-11-13,1.120242,1.231201,ECB_SIM_EXTRACT_V1
2024-11-14,1.121411,1.230509,ECB_SIM_EXTRACT_V1
2024-11-15,1.118573,1.232883,ECB_SIM_EXTRACT_V1
2024-11-16,1.115866,1.22366,ECB_SIM_EXTRACT_V1
2024-11-17,1.112314,1.228588,ECB_SIM_EXTRACT_V1
2024-11-18,1.115504,1.226149,ECB_SIM_EXTRACT_V1
2024-11-19,1.114017,1.232597,ECB_SIM_EXTRACT_V1
2024-11-20,1.114302,1.231032,ECB_SIM_EXTRACT_V1
2024-11-21,1.113903,1.231494,ECB_SIM_EXTRACT_V1
2024-11-22,1.116345,1.241174,ECB_SIM_EXTRACT_V1
2024-11-23,1.113127,1.240441,ECB_SIM_EXTRACT_V1
2024-11-24,1.109144,1.24688,ECB_SIM_EXTRACT_V1
2024-11-25,1.109831,1.247574,ECB_SIM_EXTRACT_V1
2024-11-26,1.111848,1.250047,ECB_SIM_EXTRACT_V1
2024-11-27,1.112889,1.250851,ECB_SIM_EXTRACT_V1
2024-11-28,1.109855,1.255352,ECB_SIM_EXTRACT_V1
2024-11-29,1.112144,1.252495,ECB_SIM_EXTRACT_V1
2024-11-30,1.109354,1.248262,ECB_SIM_EXTRACT_V1
2024-12-01,1.107392,1.245728,ECB_SIM_EXTRACT_V1
2024-12-02,1.103963,1.246723,ECB_SIM_EXTRACT_V1
2024-12-03,1.108521,1.246187,ECB_SIM_EXTRACT_V1
2024-12-04,1.110668,1.250073,ECB_SIM_EXTRACT_V1
2024-12-05,1.112691,1.256761,ECB_SIM_EXTRACT_V1
2024-12-06,1.116987,1.252501,ECB_SIM_EXTRACT_V1
2024-12-07,1.126879,1.249455,ECB_SIM_EXTRACT_V1
2024-12-08,1.120407,1.243131,ECB_SIM_EXTRACT_V1
2024-12-09,1.117517,1.253316,ECB_SIM_EXTRACT_V1
2024-12-10,1.115104,1.255202,ECB_SIM_EXTRACT_V1
2024-12-11,1.11189,1.257905,ECB_SIM_EXTRACT_V1
2024-12-12,1.10792,1.251894,ECB_SIM_EXTRACT_V1
2024-12-13,1.106762,1.252339,ECB_SIM_EXTRACT_V1
2024-12-14,1.102381,1.255211,ECB_SIM_EXTRACT_V1
2024-12-15,1.103535,1.254417,ECB_SIM_EXTRACT_V1
2024-12-16,1.103675,1.259978,ECB_SIM_EXTRACT_V1
2024-12-17,1.105331,1.271455,ECB_SIM_EXTRACT_V1
2024-12-18,1.107064,1.267108,ECB_SIM_EXTRACT_V1
2024-12-19,1.109117,1.262467,ECB_SIM_EXTRACT_V1
2024-12-20,1.107683,1.258589,ECB_SIM_EXTRACT_V1
2024-12-21,1.115134,1.266669,ECB_SIM_EXTRACT_V1
2024-12-22,1.115788,1.271975,ECB_SIM_EXTRACT_V1
2024-12-23,1.108968,1.271535,ECB_SIM_EXTRACT_V1
2024-12-24,1.105309,1.271931,ECB_SIM_EXTRACT_V1
2024-12-25,1.099106,1.268205,ECB_SIM_EXTRACT_V1
2024-12-26,1.099178,1.272762,ECB_SIM_EXTRACT_V1
2024-12-27,1.098759,1.271131,ECB_SIM_EXTRACT_V1
2024-12-28,1.097128,1.2701,ECB_SIM_EXTRACT_V1
2024-12-29,1.104246,1.273279,ECB_SIM_EXTRACT_V1
2024-12-30,1.106136,1.272569,ECB_SIM_EXTRACT_V1
2024-12-31,1.108635,1.271641,ECB_SIM_EXTRACT_V1
2025-01-01,1.105233,1.271911,ECB_SIM_EXTRACT_V1
2025-01-02,1.101643,1.275977,ECB_SIM_EXTRACT_V1
2025-01-03,1.101753,1.284154,ECB_SIM_EXTRACT_V1
2025-01-04,1.102342,1.287084,ECB_SIM_EXTRACT_V1
2025-01-05,1.095785,1.291054,ECB_SIM_EXTRACT_V1
2025-01-06,1.095203,1.290062,ECB_SIM_EXTRACT_V1
2025-01-07,1.09531,1.286596,ECB_SIM_EXTRACT_V1
2025-01-08,1.094612,1.289838,ECB_SIM_EXTRACT_V1
2025-01-09,1.091831,1.29068,ECB_SIM_EXTRACT_V1
2025-01-10,1.090045,1.283713,ECB_SIM_EXTRACT_V1
2025-01-11,1.089548,1.282189,ECB_SIM_EXTRACT_V1
2025-01-12,1.089989,1.281878,ECB_SIM_EXTRACT_V1
2025-01-13,1.09222,1.279491,ECB_SIM_EXTRACT_V1
2025-01-14,1.096098,1.286842,ECB_SIM_EXTRACT_V1
2025-01-15,1.095113,1.289228,ECB_SIM_EXTRACT_V1
2025-01-16,1.093574,1.295983,ECB_SIM_EXTRACT_V1
2025-01-17,1.095183,1.297209,ECB_SIM_EXTRACT_V1
2025-01-18,1.097384,1.297523,ECB_SIM_EXTRACT_V1
2025-01-19,1.095892,1.292823,ECB_SIM_EXTRACT_V1
2025-01-20,1.098716,1.292848,ECB_SIM_EXTRACT_V1
2025-01-21,1.102181,1.292878,ECB_SIM_EXTRACT_V1
2025-01-22,1.10672,1.286144,ECB_SIM_EXTRACT_V1
2025-01-23,1.112955,1.283556,ECB_SIM_EXTRACT_V1
2025-01-24,1.109717,1.282057,ECB_SIM_EXTRACT_V1
2025-01-25,1.10965,1.284168,ECB_SIM_EXTRACT_V1
2025-01-26,1.109573,1.286492,ECB_SIM_EXTRACT_V1
2025-01-27,1.10911,1.283695,ECB_SIM_EXTRACT_V1
2025-01-28,1.106698,1.28606,ECB_SIM_EXTRACT_V1
2025-01-29,1.10137,1.285217,ECB_SIM_EXTRACT_V1
2025-01-30,1.10168,1.271335,ECB_SIM_EXTRACT_V1
2025-01-31,1.098954,1.269218,ECB_SIM_EXTRACT_V1
2025-02-01,1.099269,1.274681,ECB_SIM_EXTRACT_V1
2025-02-02,1.096488,1.266742,ECB_SIM_EXTRACT_V1
2025-02-03,1.092679,1.267562,ECB_SIM_EXTRACT_V1
2025-02-04,1.093586,1.275489,ECB_SIM_EXTRACT_V1
2025-02-05,1.094191,1.27198,ECB_SIM_EXTRACT_V1
2025-02-06,1.096291,1.272205,ECB_SIM_EXTRACT_V1
2025-02-07,1.104031,1.266128,ECB_SIM_EXTRACT_V1
2025-02-08,1.104962,1.274267,ECB_SIM_EXTRACT_V1
2025-02-09,1.106619,1.274051,ECB_SIM_EXTRACT_V1
2025-02-10,1.10273,1.274467,ECB_SIM_EXTRACT_V1
2025-02-11,1.098166,1.281229,ECB_SIM_EXTRACT_V1
2025-02-12,1.103764,1.284559,ECB_SIM_EXTRACT_V1
2025-02-13,1.100462,1.280357,ECB_SIM_EXTRACT_V1
2025-02-14,1.096787,1.277326,ECB_SIM_EXTRACT_V1
2025-02-15,1.096688,1.279882,ECB_SIM_EXTRACT_V1
2025-02-16,1.096411,1.276971,ECB_SIM_EXTRACT_V1
2025-02-17,1.093292,1.266893,ECB_SIM_EXTRACT_V1
2025-02-18,1.092306,1.266911,ECB_SIM_EXTRACT_V1
2025-02-19,1.096704,1.260078,ECB_SIM_EXTRACT_V1
2025-02-20,1.093918,1.268198,ECB_SIM_EXTRACT_V1
2025-02-21,1.089123,1.26931,ECB_SIM_EXTRACT_V1
2025-02-22,1.092543,1.265197,ECB_SIM_EXTRACT_V1
2025-02-23,1.094355,1.262137,ECB_SIM_EXTRACT_V1
2025-02-24,1.092252,1.253436,ECB_SIM_EXTRACT_V1
2025-02-25,1.086828,1.248641,ECB_SIM_EXTRACT_V1
2025-02-26,1.084398,1.253963,ECB_SIM_EXTRACT_V1
2025-02-27,1.084394,1.265073,ECB_SIM_EXTRACT_V1
2025-02-28,1.088633,1.268866,ECB_SIM_EXTRACT_V1
2025-03-01,1.085163,1.268674,ECB_SIM_EXTRACT_V1
2025-03-02,1.085047,1.266847,ECB_SIM_EXTRACT_V1
2025-03-03,1.087572,1.262525,ECB_SIM_EXTRACT_V1
2025-03-04,1.079463,1.272774,ECB_SIM_EXTRACT_V1
2025-03-05,1.083285,1.272067,ECB_SIM_EXTRACT_V1
2025-03-06,1.079392,1.28255,ECB_SIM_EXTRACT_V1
2025-03-07,1.080785,1.28945,ECB_SIM_EXTRACT_V1
2025-03-08,1.081867,1.280954,ECB_SIM_EXTRACT_V1
2025-03-09,1.085845,1.277825,ECB_SIM_EXTRACT_V1
2025-03-10,1.08793,1.274725,ECB_SIM_EXTRACT_V1
2025-03-11,1.079828,1.274521,ECB_SIM_EXTRACT_V1
2025-03-12,1.077359,1.274413,ECB_SIM_EXTRACT_V1
2025-03-13,1.078105,1.289194,ECB_SIM_EXTRACT_V1
2025-03-14,1.077692,1.283938,ECB_SIM_EXTRACT_V1
2025-03-15,1.079606,1.285128,ECB_SIM_EXTRACT_V1
2025-03-16,1.08258,1.288201,ECB_SIM_EXTRACT_V1
2025-03-17,1.084897,1.288214,ECB_SIM_EXTRACT_V1
2025-03-18,1.084334,1.288775,ECB_SIM_EXTRACT_V1
2025-03-19,1.078131,1.283683,ECB_SIM_EXTRACT_V1
2025-03-20,1.076821,1.284278,ECB_SIM_EXTRACT_V1
2025-03-21,1.078532,1.286845,ECB_SIM_EXTRACT_V1
2025-03-22,1.075029,1.288486,ECB_SIM_EXTRACT_V1
2025-03-23,1.0775,1.291299,ECB_SIM_EXTRACT_V1
2025-03-24,1.080905,1.298234,ECB_SIM_EXTRACT_V1
2025-03-25,1.081571,1.302765,ECB_SIM_EXTRACT_V1
2025-03-26,1.071236,1.302964,ECB_SIM_EXTRACT_V1
2025-03-27,1.067203,1.297019,ECB_SIM_EXTRACT_V1
2025-03-28,1.074054,1.293981,ECB_SIM_EXTRACT_V1
2025-03-29,1.072484,1.292854,ECB_SIM_EXTRACT_V1
2025-03-30,1.06602,1.29406,ECB_SIM_EXTRACT_V1
2025-03-31,1.070646,1.291661,ECB_SIM_EXTRACT_V1
2025-04-01,1.071039,1.287057,ECB_SIM_EXTRACT_V1
2025-04-02,1.075177,1.281294,ECB_SIM_EXTRACT_V1
2025-04-03,1.076425,1.273383,ECB_SIM_EXTRACT_V1
2025-04-04,1.078286,1.272444,ECB_SIM_EXTRACT_V1
2025-04-05,1.079798,1.265566,ECB_SIM_EXTRACT_V1
2025-04-06,1.082451,1.261053,ECB_SIM_EXTRACT_V1
2025-04-07,1.090579,1.25951,ECB_SIM_EXTRACT_V1
2025-04-08,1.094086,1.253492,ECB_SIM_EXTRACT_V1
2025-04-09,1.088637,1.255734,ECB_SIM_EXTRACT_V1
2025-04-10,1.09033,1.259678,ECB_SIM_EXTRACT_V1
2025-04-11,1.094436,1.25741,ECB_SIM_EXTRACT_V1
2025-04-12,1.098723,1.255709,ECB_SIM_EXTRACT_V1
2025-04-13,1.09724,1.258683,ECB_SIM_EXTRACT_V1
2025-04-14,1.101371,1.255643,ECB_SIM_EXTRACT_V1
2025-04-15,1.104629,1.252319,ECB_SIM_EXTRACT_V1
2025-04-16,1.113704,1.258474,ECB_SIM_EXTRACT_V1
2025-04-17,1.110869,1.263084,ECB_SIM_EXTRACT_V1
2025-04-18,1.108936,1.266295,ECB_SIM_EXTRACT_V1
2025-04-19,1.107743,1.27104,ECB_SIM_EXTRACT_V1
2025-04-20,1.105913,1.26175,ECB_SIM_EXTRACT_V1
2025-04-21,1.102697,1.268595,ECB_SIM_EXTRACT_V1
2025-04-22,1.092959,1.270741,ECB_SIM_EXTRACT_V1
2025-04-23,1.091524,1.275862,ECB_SIM_EXTRACT_V1
2025-04-24,1.092916,1.277909,ECB_SIM_EXTRACT_V1
2025-04-25,1.091277,1.278291,ECB_SIM_EXTRACT_V1
2025-04-26,1.098162,1.277094,ECB_SIM_EXTRACT_V1
2025-04-27,1.098231,1.279032,ECB_SIM_EXTRACT_V1
2025-04-28,1.102799,1.277648,ECB_SIM_EXTRACT_V1
2025-04-29,1.103688,1.282017,ECB_SIM_EXTRACT_V1
2025-04-30,1.106566,1.274406,ECB_SIM_EXTRACT_V1
2025-05-01,1.107476,1.271972,ECB_SIM_EXTRACT_V1
2025-05-02,1.112247,1.282111,ECB_SIM_EXTRACT_V1
2025-05-03,1.112299,1.279158,ECB_SIM_EXTRACT_V1
2025-05-04,1.113917,1.278128,ECB_SIM_EXTRACT_V1
2025-05-05,1.115056,1.27399,ECB_SIM_EXTRACT_V1
2025-05-06,1.113846,1.275808,ECB_SIM_EXTRACT_V1
2025-05-07,1.115123,1.272412,ECB_SIM_EXTRACT_V1
2025-05-08,1.12294,1.271725,ECB_SIM_EXTRACT_V1
2025-05-09,1.121691,1.276052,ECB_SIM_EXTRACT_V1
2025-05-10,1.122935,1.272834,ECB_SIM_EXTRACT_V1
2025-05-11,1.127184,1.276859,ECB_SIM_EXTRACT_V1
2025-05-12,1.130974,1.281013,ECB_SIM_EXTRACT_V1
2025-05-13,1.130639,1.286266,ECB_SIM_EXTRACT_V1
2025-05-14,1.121679,1.286998,ECB_SIM_EXTRACT_V1
2025-05-15,1.123272,1.302984,ECB_SIM_EXTRACT_V1
2025-05-16,1.115042,1.308059,ECB_SIM_EXTRACT_V1
2025-05-17,1.120117,1.309456,ECB_SIM_EXTRACT_V1
2025-05-18,1.120481,1.30487,ECB_SIM_EXTRACT_V1
2025-05-19,1.123822,1.30421,ECB_SIM_EXTRACT_V1
2025-05-20,1.120295,1.311126,ECB_SIM_EXTRACT_V1
2025-05-21,1.114498,1.319413,ECB_SIM_EXTRACT_V1
2025-05-22,1.115253,1.326487,ECB_SIM_EXTRACT_V1
2025-05-23,1.114949,1.330006,ECB_SIM_EXTRACT_V1
2025-05-24,1.113016,1.32319,ECB_SIM_EXTRACT_V1
2025-05-25,1.113161,1.325238,ECB_SIM_EXTRACT_V1
2025-05-26,1.122902,1.318574,ECB_SIM_EXTRACT_V1
2025-05-27,1.125627,1.310798,ECB_SIM_EXTRACT_V1
2025-05-28,1.129101,1.311738,ECB_SIM_EXTRACT_V1
2025-05-29,1.1318,1.314085,ECB_SIM_EXTRACT_V1
2025-05-30,1.136782,1.318311,ECB_SIM_EXTRACT_V1
2025-05-31,1.135642,1.320459,ECB_SIM_EXTRACT_V1
2025-06-01,1.127768,1.322759,ECB_SIM_EXTRACT_V1
2025-06-02,1.126751,1.317422,ECB_SIM_EXTRACT_V1
2025-06-03,1.129356,1.316565,ECB_SIM_EXTRACT_V1
2025-06-04,1.1255,1.308726,ECB_SIM_EXTRACT_V1
2025-06-05,1.124556,1.298576,ECB_SIM_EXTRACT_V1
2025-06-06,1.121772,1.302133,ECB_SIM_EXTRACT_V1
2025-06-07,1.126912,1.298265,ECB_SIM_EXTRACT_V1
2025-06-08,1.12929,1.302477,ECB_SIM_EXTRACT_V1
2025-06-09,1.13129,1.307823,ECB_SIM_EXTRACT_V1
2025-06-10,1.133161,1.304534,ECB_SIM_EXTRACT_V1
2025-06-11,1.132623,1.307288,ECB_SIM_EXTRACT_V1
2025-06-12,1.132941,1.3038,ECB_SIM_EXTRACT_V1
2025-06-13,1.128253,1.294521,ECB_SIM_EXTRACT_V1
2025-06-14,1.120046,1.295073,ECB_SIM_EXTRACT_V1
2025-06-15,1.120341,1.292697,ECB_SIM_EXTRACT_V1
2025-06-16,1.121257,1.290505,ECB_SIM_EXTRACT_V1
2025-06-17,1.125345,1.300222,ECB_SIM_EXTRACT_V1
2025-06-18,1.130709,1.292582,ECB_SIM_EXTRACT_V1
2025-06-19,1.136029,1.294433,ECB_SIM_EXTRACT_V1
2025-06-20,1.131968,1.289496,ECB_SIM_EXTRACT_V1
2025-06-21,1.130305,1.29396,ECB_SIM_EXTRACT_V1
2025-06-22,1.131674,1.295381,ECB_SIM_EXTRACT_V1
2025-06-23,1.140492,1.297185,ECB_SIM_EXTRACT_V1
2025-06-24,1.145409,1.292449,ECB_SIM_EXTRACT_V1
2025-06-25,1.148962,1.288666,ECB_SIM_EXTRACT_V1
2025-06-26,1.146937,1.29323,ECB_SIM_EXTRACT_V1
2025-06-27,1.143127,1.301923,ECB_SIM_EXTRACT_V1
2025-06-28,1.145488,1.304157,ECB_SIM_EXTRACT_V1
2025-06-29,1.140905,1.299547,ECB_SIM_EXTRACT_V1
2025-06-30,1.139536,1.301107,ECB_SIM_EXTRACT_V1
2025-07-01,1.138635,1.313029,ECB_SIM_EXTRACT_V1
2025-07-02,1.14398,1.313261,ECB_SIM_EXTRACT_V1
2025-07-03,1.142145,1.320294,ECB_SIM_EXTRACT_V1
2025-07-04,1.132753,1.316218,ECB_SIM_EXTRACT_V1
2025-07-05,1.134183,1.31569,ECB_SIM_EXTRACT_V1
2025-07-06,1.131234,1.318479,ECB_SIM_EXTRACT_V1
2025-07-07,1.131008,1.320125,ECB_SIM_EXTRACT_V1
2025-07-08,1.130317,1.315922,ECB_SIM_EXTRACT_V1
2025-07-09,1.128959,1.311567,ECB_SIM_EXTRACT_V1
2025-07-10,1.131465,1.31624,ECB_SIM_EXTRACT_V1
2025-07-11,1.125548,1.321893,ECB_SIM_EXTRACT_V1
2025-07-12,1.123378,1.329122,ECB_SIM_EXTRACT_V1
2025-07-13,1.125555,1.337784,ECB_SIM_EXTRACT_V1
2025-07-14,1.123036,1.337885,ECB_SIM_EXTRACT_V1
2025-07-15,1.116991,1.335719,ECB_SIM_EXTRACT_V1
2025-07-16,1.119178,1.342033,ECB_SIM_EXTRACT_V1
2025-07-17,1.122974,1.345036,ECB_SIM_EXTRACT_V1
2025-07-18,1.122534,1.339352,ECB_SIM_EXTRACT_V1
2025-07-19,1.115241,1.333501,ECB_SIM_EXTRACT_V1
2025-07-20,1.117579,1.335464,ECB_SIM_EXTRACT_V1
2025-07-21,1.111447,1.334011,ECB_SIM_EXTRACT_V1
2025-07-22,1.112408,1.33334,ECB_SIM_EXTRACT_V1
2025-07-23,1.109104,1.338254,ECB_SIM_EXTRACT_V1
2025-07-24,1.104886,1.341528,ECB_SIM_EXTRACT_V1
2025-07-25,1.103266,1.347691,ECB_SIM_EXTRACT_V1
2025-07-26,1.10258,1.337134,ECB_SIM_EXTRACT_V1
2025-07-27,1.100278,1.337846,ECB_SIM_EXTRACT_V1
2025-07-28,1.102349,1.340796,ECB_SIM_EXTRACT_V1
2025-07-29,1.100749,1.332423,ECB_SIM_EXTRACT_V1
2025-07-30,1.104198,1.328595,ECB_SIM_EXTRACT_V1
2025-07-31,1.105141,1.32389,ECB_SIM_EXTRACT_V1
2025-08-01,1.102615,1.323587,ECB_SIM_EXTRACT_V1
2025-08-02,1.099533,1.331389,ECB_SIM_EXTRACT_V1
2025-08-03,1.093757,1.341153,ECB_SIM_EXTRACT_V1
2025-08-04,1.09485,1.336386,ECB_SIM_EXTRACT_V1
2025-08-05,1.09367,1.338495,ECB_SIM_EXTRACT_V1
2025-08-06,1.085474,1.340746,ECB_SIM_EXTRACT_V1
2025-08-07,1.083788,1.342101,ECB_SIM_EXTRACT_V1
2025-08-08,1.08086,1.343499,ECB_SIM_EXTRACT_V1
2025-08-09,1.086553,1.344395,ECB_SIM_EXTRACT_V1
2025-08-10,1.080808,1.352374,ECB_SIM_EXTRACT_V1
2025-08-11,1.076062,1.357282,ECB_SIM_EXTRACT_V1
2025-08-12,1.080176,1.351,ECB_SIM_EXTRACT_V1
2025-08-13,1.085112,1.35434,ECB_SIM_EXTRACT_V1
2025-08-14,1.082706,1.358147,ECB_SIM_EXTRACT_V1
2025-08-15,1.080723,1.358934,ECB_SIM_EXTRACT_V1
2025-08-16,1.083086,1.363937,ECB_SIM_EXTRACT_V1
2025-08-17,1.075251,1.364,ECB_SIM_EXTRACT_V1
2025-08-18,1.069158,1.364126,ECB_SIM_EXTRACT_V1
2025-08-19,1.068562,1.36384,ECB_SIM_EXTRACT_V1
2025-08-20,1.074249,1.352516,ECB_SIM_EXTRACT_V1
2025-08-21,1.073057,1.351335,ECB_SIM_EXTRACT_V1
2025-08-22,1.073723,1.347157,ECB_SIM_EXTRACT_V1
2025-08-23,1.077938,1.3404,ECB_SIM_EXTRACT_V1
2025-08-24,1.085494,1.347104,ECB_SIM_EXTRACT_V1
2025-08-25,1.083665,1.348986,ECB_SIM_EXTRACT_V1
2025-08-26,1.083801,1.34811,ECB_SIM_EXTRACT_V1
2025-08-27,1.090333,1.344508,ECB_SIM_EXTRACT_V1
2025-08-28,1.08515,1.345354,ECB_SIM_EXTRACT_V1
2025-08-29,1.088902,1.349752,ECB_SIM_EXTRACT_V1
2025-08-30,1.085491,1.344786,ECB_SIM_EXTRACT_V1
2025-08-31,1.08602,1.34409,ECB_SIM_EXTRACT_V1
2025-09-01,1.085344,1.347867,ECB_SIM_EXTRACT_V1
2025-09-02,1.082196,1.337283,ECB_SIM_EXTRACT_V1
2025-09-03,1.079008,1.336413,ECB_SIM_EXTRACT_V1
2025-09-04,1.080213,1.333669,ECB_SIM_EXTRACT_V1
2025-09-05,1.083895,1.332458,ECB_SIM_EXTRACT_V1
2025-09-06,1.083637,1.329404,ECB_SIM_EXTRACT_V1
2025-09-07,1.084075,1.329619,ECB_SIM_EXTRACT_V1
2025-09-08,1.086249,1.338888,ECB_SIM_EXTRACT_V1
2025-09-09,1.08304,1.336644,ECB_SIM_EXTRACT_V1
2025-09-10,1.085809,1.337556,ECB_SIM_EXTRACT_V1
2025-09-11,1.088829,1.347148,ECB_SIM_EXTRACT_V1
2025-09-12,1.098073,1.343636,ECB_SIM_EXTRACT_V1
2025-09-13,1.096776,1.352273,ECB_SIM_EXTRACT_V1
2025-09-14,1.095208,1.351535,ECB_SIM_EXTRACT_V1
2025-09-15,1.097964,1.359957,ECB_SIM_EXTRACT_V1
2025-09-16,1.10087,1.362975,ECB_SIM_EXTRACT_V1
2025-09-17,1.098976,1.363666,ECB_SIM_EXTRACT_V1
2025-09-18,1.097571,1.362418,ECB_SIM_EXTRACT_V1
2025-09-19,1.099503,1.3583,ECB_SIM_EXTRACT_V1
2025-09-20,1.096601,1.357851,ECB_SIM_EXTRACT_V1
2025-09-21,1.095202,1.361651,ECB_SIM_EXTRACT_V1
2025-09-22,1.095573,1.3607,ECB_SIM_EXTRACT_V1
2025-09-23,1.099124,1.358194,ECB_SIM_EXTRACT_V1
2025-09-24,1.09701,1.356062,ECB_SIM_EXTRACT_V1
2025-09-25,1.090597,1.36037,ECB_SIM_EXTRACT_V1
2025-09-26,1.08404,1.365848,ECB_SIM_EXTRACT_V1
2025-09-27,1.079869,1.361456,ECB_SIM_EXTRACT_V1
2025-09-28,1.07558,1.357123,ECB_SIM_EXTRACT_V1
2025-09-29,1.075337,1.358254,ECB_SIM_EXTRACT_V1
2025-09-30,1.071546,1.365316,ECB_SIM_EXTRACT_V1
2025-10-01,1.069475,1.370341,ECB_SIM_EXTRACT_V1
2025-10-02,1.067189,1.362849,ECB_SIM_EXTRACT_V1
2025-10-03,1.066073,1.360585,ECB_SIM_EXTRACT_V1
2025-10-04,1.070997,1.354916,ECB_SIM_EXTRACT_V1
2025-10-05,1.073612,1.352742,ECB_SIM_EXTRACT_V1
2025-10-06,1.073981,1.360239,ECB_SIM_EXTRACT_V1
2025-10-07,1.072705,1.352045,ECB_SIM_EXTRACT_V1
2025-10-08,1.071542,1.342996,ECB_SIM_EXTRACT_V1
2025-10-09,1.073004,1.338127,ECB_SIM_EXTRACT_V1
2025-10-10,1.075332,1.339001,ECB_SIM_EXTRACT_V1
2025-10-11,1.072506,1.341562,ECB_SIM_EXTRACT_V1
2025-10-12,1.072957,1.343163,ECB_SIM_EXTRACT_V1
2025-10-13,1.066322,1.348523,ECB_SIM_EXTRACT_V1
2025-10-14,1.067443,1.338805,ECB_SIM_EXTRACT_V1
2025-10-15,1.070436,1.344266,ECB_SIM_EXTRACT_V1
2025-10-16,1.069826,1.342009,ECB_SIM_EXTRACT_V1
2025-10-17,1.076423,1.345106,ECB_SIM_EXTRACT_V1
2025-10-18,1.07367,1.337687,ECB_SIM_EXTRACT_V1
2025-10-19,1.07473,1.337129,ECB_SIM_EXTRACT_V1
2025-10-20,1.074907,1.337754,ECB_SIM_EXTRACT_V1
2025-10-21,1.074859,1.343056,ECB_SIM_EXTRACT_V1
2025-10-22,1.074764,1.334345,ECB_SIM_EXTRACT_V1
2025-10-23,1.075432,1.333959,ECB_SIM_EXTRACT_V1
2025-10-24,1.078647,1.327936,ECB_SIM_EXTRACT_V1
2025-10-25,1.083668,1.330026,ECB_SIM_EXTRACT_V1
2025-10-26,1.083854,1.333471,ECB_SIM_EXTRACT_V1
2025-10-27,1.086879,1.339477,ECB_SIM_EXTRACT_V1
2025-10-28,1.084597,1.336152,ECB_SIM_EXTRACT_V1
2025-10-29,1.087443,1.340303,ECB_SIM_EXTRACT_V1
2025-10-30,1.084944,1.346634,ECB_SIM_EXTRACT_V1
2025-10-31,1.088917,1.337562,ECB_SIM_EXTRACT_V1
2025-11-01,1.096781,1.340095,ECB_SIM_EXTRACT_V1
2025-11-02,1.096391,1.34437,ECB_SIM_EXTRACT_V1
2025-11-03,1.088768,1.342384,ECB_SIM_EXTRACT_V1
2025-11-04,1.086994,1.335584,ECB_SIM_EXTRACT_V1
2025-11-05,1.091443,1.33982,ECB_SIM_EXTRACT_V1
2025-11-06,1.093479,1.33312,ECB_SIM_EXTRACT_V1
2025-11-07,1.094429,1.331692,ECB_SIM_EXTRACT_V1
2025-11-08,1.098034,1.330981,ECB_SIM_EXTRACT_V1
2025-11-09,1.099761,1.334104,ECB_SIM_EXTRACT_V1
2025-11-10,1.104058,1.330394,ECB_SIM_EXTRACT_V1
2025-11-11,1.107262,1.326447,ECB_SIM_EXTRACT_V1
2025-11-12,1.112579,1.326502,ECB_SIM_EXTRACT_V1
2025-11-13,1.113705,1.331139,ECB_SIM_EXTRACT_V1
2025-11-14,1.11677,1.342254,ECB_SIM_EXTRACT_V1
2025-11-15,1.11547,1.333951,ECB_SIM_EXTRACT_V1
2025-11-16,1.113139,1.335014,ECB_SIM_EXTRACT_V1
2025-11-17,1.119076,1.328966,ECB_SIM_EXTRACT_V1
2025-11-18,1.119619,1.333645,ECB_SIM_EXTRACT_V1
2025-11-19,1.122268,1.328366,ECB_SIM_EXTRACT_V1
2025-11-20,1.122443,1.324499,ECB_SIM_EXTRACT_V1
2025-11-21,1.120067,1.321118,ECB_SIM_EXTRACT_V1
2025-11-22,1.119863,1.320358,ECB_SIM_EXTRACT_V1
2025-11-23,1.124779,1.321612,ECB_SIM_EXTRACT_V1
2025-11-24,1.126478,1.323658,ECB_SIM_EXTRACT_V1
2025-11-25,1.120006,1.32322,ECB_SIM_EXTRACT_V1
2025-11-26,1.118993,1.316149,ECB_SIM_EXTRACT_V1
2025-11-27,1.125162,1.319476,ECB_SIM_EXTRACT_V1
2025-11-28,1.124087,1.318853,ECB_SIM_EXTRACT_V1
2025-11-29,1.117339,1.324336,ECB_SIM_EXTRACT_V1
2025-11-30,1.123917,1.320363,ECB_SIM_EXTRACT_V1
2025-12-01,1.126083,1.311982,ECB_SIM_EXTRACT_V1
2025-12-02,1.125515,1.311546,ECB_SIM_EXTRACT_V1
2025-12-03,1.123868,1.317759,ECB_SIM_EXTRACT_V1
2025-12-04,1.127477,1.318228,ECB_SIM_EXTRACT_V1
2025-12-05,1.12519,1.316887,ECB_SIM_EXTRACT_V1
2025-12-06,1.129026,1.312213,ECB_SIM_EXTRACT_V1
2025-12-07,1.130633,1.320737,ECB_SIM_EXTRACT_V1
2025-12-08,1.131145,1.315208,ECB_SIM_EXTRACT_V1
2025-12-09,1.131293,1.311283,ECB_SIM_EXTRACT_V1
2025-12-10,1.130279,1.313869,ECB_SIM_EXTRACT_V1
2025-12-11,1.133698,1.304348,ECB_SIM_EXTRACT_V1
2025-12-12,1.130154,1.310507,ECB_SIM_EXTRACT_V1
2025-12-13,1.123939,1.31337,ECB_SIM_EXTRACT_V1
2025-12-14,1.12586,1.317582,ECB_SIM_EXTRACT_V1
2025-12-15,1.127822,1.320044,ECB_SIM_EXTRACT_V1
2025-12-16,1.129218,1.318872,ECB_SIM_EXTRACT_V1
2025-12-17,1.130336,1.313205,ECB_SIM_EXTRACT_V1
2025-12-18,1.128809,1.312226,ECB_SIM_EXTRACT_V1
2025-12-19,1.131306,1.307104,ECB_SIM_EXTRACT_V1
2025-12-20,1.13076,1.309314,ECB_SIM_EXTRACT_V1
2025-12-21,1.128626,1.3131,ECB_SIM_EXTRACT_V1
2025-12-22,1.127152,1.320208,ECB_SIM_EXTRACT_V1
2025-12-23,1.134132,1.321708,ECB_SIM_EXTRACT_V1
2025-12-24,1.127439,1.325973,ECB_SIM_EXTRACT_V1
2025-12-25,1.12891,1.324039,ECB_SIM_EXTRACT_V1
2025-12-26,1.122511,1.321222,ECB_SIM_EXTRACT_V1
2025-12-27,1.12185,1.323223,ECB_SIM_EXTRACT_V1
2025-12-28,1.12003,1.320878,ECB_SIM_EXTRACT_V1
2025-12-29,1.112341,1.321854,ECB_SIM_EXTRACT_V1
2025-12-30,1.113577,1.316149,ECB_SIM_EXTRACT_V1
2025-12-31,1.11206,1.311432,ECB_SIM_EXTRACT_V1
2026-01-01,1.10447,1.314342,ECB_SIM_EXTRACT_V1
2026-01-02,1.107388,1.318482,ECB_SIM_EXTRACT_V1
2026-01-03,1.112395,1.313209,ECB_SIM_EXTRACT_V1
2026-01-04,1.117562,1.316278,ECB_SIM_EXTRACT_V1
2026-01-05,1.118634,1.313298,ECB_SIM_EXTRACT_V1
2026-01-06,1.118573,1.313098,ECB_SIM_EXTRACT_V1
2026-01-07,1.123112,1.319907,ECB_SIM_EXTRACT_V1
2026-01-08,1.128893,1.323599,ECB_SIM_EXTRACT_V1
2026-01-09,1.132643,1.327198,ECB_SIM_EXTRACT_V1
2026-01-10,1.128839,1.336404,ECB_SIM_EXTRACT_V1
2026-01-11,1.129216,1.332269,ECB_SIM_EXTRACT_V1
2026-01-12,1.13045,1.326774,ECB_SIM_EXTRACT_V1
2026-01-13,1.123554,1.322692,ECB_SIM_EXTRACT_V1
2026-01-14,1.124957,1.321017,ECB_SIM_EXTRACT_V1
2026-01-15,1.132864,1.308877,ECB_SIM_EXTRACT_V1
2026-01-16,1.134785,1.307617,ECB_SIM_EXTRACT_V1
2026-01-17,1.139723,1.304702,ECB_SIM_EXTRACT_V1
2026-01-18,1.139904,1.308415,ECB_SIM_EXTRACT_V1
2026-01-19,1.13915,1.309946,ECB_SIM_EXTRACT_V1
2026-01-20,1.140062,1.306719,ECB_SIM_EXTRACT_V1
2026-01-21,1.136602,1.309449,ECB_SIM_EXTRACT_V1
2026-01-22,1.132657,1.312817,ECB_SIM_EXTRACT_V1
2026-01-23,1.136857,1.308713,ECB_SIM_EXTRACT_V1
2026-01-24,1.141409,1.306038,ECB_SIM_EXTRACT_V1
2026-01-25,1.13729,1.294848,ECB_SIM_EXTRACT_V1
2026-01-26,1.140362,1.289435,ECB_SIM_EXTRACT_V1
2026-01-27,1.139552,1.285809,ECB_SIM_EXTRACT_V1
2026-01-28,1.140308,1.286221,ECB_SIM_EXTRACT_V1
2026-01-29,1.141496,1.281654,ECB_SIM_EXTRACT_V1
2026-01-30,1.144625,1.279255,ECB_SIM_EXTRACT_V1
2026-01-31,1.144382,1.273441,ECB_SIM_EXTRACT_V1
2026-02-01,1.149012,1.274466,ECB_SIM_EXTRACT_V1
2026-02-02,1.149549,1.276715,ECB_SIM_EXTRACT_V1
2026-02-03,1.151238,1.278828,ECB_SIM_EXTRACT_V1
2026-02-04,1.147545,1.279021,ECB_SIM_EXTRACT_V1
2026-02-05,1.154913,1.271684,ECB_SIM_EXTRACT_V1
2026-02-06,1.155975,1.268909,ECB_SIM_EXTRACT_V1
2026-02-07,1.157926,1.267197,ECB_SIM_EXTRACT_V1
2026-02-08,1.151273,1.265528,ECB_SIM_EXTRACT_V1
2026-02-09,1.147618,1.266179,ECB_SIM_EXTRACT_V1
2026-02-10,1.151587,1.273342,ECB_SIM_EXTRACT_V1
2026-02-11,1.152011,1.277476,ECB_SIM_EXTRACT_V1
2026-02-12,1.144343,1.27284,ECB_SIM_EXTRACT_V1
2026-02-13,1.147607,1.276331,ECB_SIM_EXTRACT_V1
2026-02-14,1.14503,1.279604,ECB_SIM_EXTRACT_V1
2026-02-15,1.149659,1.275814,ECB_SIM_EXTRACT_V1
2026-02-16,1.148727,1.280106,ECB_SIM_EXTRACT_V1
2026-02-17,1.148882,1.279444,ECB_SIM_EXTRACT_V1
2026-02-18,1.152623,1.272733,ECB_SIM_EXTRACT_V1
2026-02-19,1.148673,1.275143,ECB_SIM_EXTRACT_V1
2026-02-20,1.144435,1.276372,ECB_SIM_EXTRACT_V1
2026-02-21,1.143172,1.275431,ECB_SIM_EXTRACT_V1
2026-02-22,1.145673,1.275423,ECB_SIM_EXTRACT_V1
2026-02-23,1.140247,1.272116,ECB_SIM_EXTRACT_V1
2026-02-24,1.133688,1.275283,ECB_SIM_EXTRACT_V1
2026-02-25,1.136269,1.275248,ECB_SIM_EXTRACT_V1
2026-02-26,1.133637,1.276231,ECB_SIM_EXTRACT_V1
2026-02-27,1.131806,1.278128,ECB_SIM_EXTRACT_V1
2026-02-28,1.124716,1.272674,ECB_SIM_EXTRACT_V1
2026-03-01,1.121976,1.268562,ECB_SIM_EXTRACT_V1
2026-03-02,1.121682,1.258207,ECB_SIM_EXTRACT_V1
2026-03-03,1.124763,1.261288,ECB_SIM_EXTRACT_V1
2026-03-04,1.121691,1.25583,ECB_SIM_EXTRACT_V1
2026-03-05,1.127392,1.256868,ECB_SIM_EXTRACT_V1
2026-03-06,1.124593,1.259034,ECB_SIM_EXTRACT_V1
2026-03-07,1.12184,1.262287,ECB_SIM_EXTRACT_V1
2026-03-08,1.127106,1.256852,ECB_SIM_EXTRACT_V1
2026-03-09,1.12754,1.256934,ECB_SIM_EXTRACT_V1
2026-03-10,1.125216,1.265331,ECB_SIM_EXTRACT_V1
2026-03-11,1.124352,1.273896,ECB_SIM_EXTRACT_V1
2026-03-12,1.128934,1.278877,ECB_SIM_EXTRACT_V1
2026-03-13,1.13389,1.280652,ECB_SIM_EXTRACT_V1
2026-03-14,1.130518,1.275881,ECB_SIM_EXTRACT_V1
2026-03-15,1.129993,1.279539,ECB_SIM_EXTRACT_V1
2026-03-16,1.129955,1.278896,ECB_SIM_EXTRACT_V1
2026-03-17,1.126031,1.281756,ECB_SIM_EXTRACT_V1
2026-03-18,1.125515,1.278775,ECB_SIM_EXTRACT_V1
2026-03-19,1.125224,1.278069,ECB_SIM_EXTRACT_V1
2026-03-20,1.12903,1.279009,ECB_SIM_EXTRACT_V1
2026-03-21,1.133046,1.280338,ECB_SIM_EXTRACT_V1
2026-03-22,1.131451,1.282858,ECB_SIM_EXTRACT_V1
2026-03-23,1.130295,1.280123,ECB_SIM_EXTRACT_V1
2026-03-24,1.132331,1.273723,ECB_SIM_EXTRACT_V1
2026-03-25,1.129819,1.281807,ECB_SIM_EXTRACT_V1
2026-03-26,1.131586,1.294088,ECB_SIM_EXTRACT_V1
2026-03-27,1.130884,1.296241,ECB_SIM_EXTRACT_V1
2026-03-28,1.127007,1.289661,ECB_SIM_EXTRACT_V1
2026-03-29,1.123234,1.285882,ECB_SIM_EXTRACT_V1
2026-03-30,1.128164,1.288421,ECB_SIM_EXTRACT_V1
2026-03-31,1.127258,1.295023,ECB_SIM_EXTRACT_V1
2026-04-01,1.132858,1.289008,ECB_SIM_EXTRACT_V1
2026-04-02,1.130598,1.288411,ECB_SIM_EXTRACT_V1
2026-04-03,1.131279,1.28939,ECB_SIM_EXTRACT_V1
2026-04-04,1.139591,1.29364,ECB_SIM_EXTRACT_V1
2026-04-05,1.13526,1.291908,ECB_SIM_EXTRACT_V1
2026-04-06,1.127959,1.284231,ECB_SIM_EXTRACT_V1
2026-04-07,1.132271,1.287336,ECB_SIM_EXTRACT_V1
2026-04-08,1.128888,1.292882,ECB_SIM_EXTRACT_V1
2026-04-09,1.128462,1.292441,ECB_SIM_EXTRACT_V1
2026-04-10,1.126003,1.294404,ECB_SIM_EXTRACT_V1
2026-04-11,1.126654,1.292019,ECB_SIM_EXTRACT_V1
2026-04-12,1.122909,1.287849,ECB_SIM_EXTRACT_V1
2026-04-13,1.121985,1.292908,ECB_SIM_EXTRACT_V1
2026-04-14,1.123335,1.294778,ECB_SIM_EXTRACT_V1
2026-04-15,1.119434,1.297136,ECB_SIM_EXTRACT_V1
2026-04-16,1.116694,1.304475,ECB_SIM_EXTRACT_V1
2026-04-17,1.115252,1.299082,ECB_SIM_EXTRACT_V1
2026-04-18,1.109981,1.296251,ECB_SIM_EXTRACT_V1
2026-04-19,1.108361,1.296954,ECB_SIM_EXTRACT_V1
2026-04-20,1.108682,1.294092,ECB_SIM_EXTRACT_V1
2026-04-21,1.107161,1.2979,ECB_SIM_EXTRACT_V1
2026-04-22,1.106113,1.296881,ECB_SIM_EXTRACT_V1
2026-04-23,1.105969,1.291916,ECB_SIM_EXTRACT_V1
2026-04-24,1.103579,1.292216,ECB_SIM_EXTRACT_V1
2026-04-25,1.105979,1.293026,ECB_SIM_EXTRACT_V1
2026-04-26,1.111001,1.29759,ECB_SIM_EXTRACT_V1
2026-04-27,1.109219,1.299439,ECB_SIM_EXTRACT_V1
2026-04-28,1.110831,1.301604,ECB_SIM_EXTRACT_V1
2026-04-29,1.109849,1.303049,ECB_SIM_EXTRACT_V1
2026-04-30,1.111029,1.30196,ECB_SIM_EXTRACT_V1
2026-05-01,1.116476,1.298278,ECB_SIM_EXTRACT_V1
2026-05-02,1.118095,1.299604,ECB_SIM_EXTRACT_V1
2026-05-03,1.111551,1.297844,ECB_SIM_EXTRACT_V1
2026-05-04,1.113027,1.30611,ECB_SIM_EXTRACT_V1
2026-05-05,1.117269,1.312593,ECB_SIM_EXTRACT_V1
2026-05-06,1.116268,1.315479,ECB_SIM_EXTRACT_V1
2026-05-07,1.119633,1.317063,ECB_SIM_EXTRACT_V1
2026-05-08,1.116926,1.316295,ECB_SIM_EXTRACT_V1
2026-05-09,1.111426,1.309685,ECB_SIM_EXTRACT_V1
2026-05-10,1.11179,1.308372,ECB_SIM_EXTRACT_V1
2026-05-11,1.105417,1.308654,ECB_SIM_EXTRACT_V1
2026-05-12,1.104504,1.30957,ECB_SIM_EXTRACT_V1
2026-05-13,1.109007,1.311671,ECB_SIM_EXTRACT_V1
2026-05-14,1.102143,1.316009,ECB_SIM_EXTRACT_V1
2026-05-15,1.097614,1.312237,ECB_SIM_EXTRACT_V1
2026-05-16,1.094023,1.308567,ECB_SIM_EXTRACT_V1
2026-05-17,1.093873,1.315576,ECB_SIM_EXTRACT_V1
2026-05-18,1.092667,1.319125,ECB_SIM_EXTRACT_V1
2026-05-19,1.097658,1.316815,ECB_SIM_EXTRACT_V1
2026-05-20,1.101044,1.315954,ECB_SIM_EXTRACT_V1
2026-05-21,1.102777,1.315126,ECB_SIM_EXTRACT_V1
2026-05-22,1.103258,1.314979,ECB_SIM_EXTRACT_V1
2026-05-23,1.104608,1.31704,ECB_SIM_EXTRACT_V1
2026-05-24,1.10151,1.329457,ECB_SIM_EXTRACT_V1
2026-05-25,1.104518,1.329936,ECB_SIM_EXTRACT_V1
2026-05-26,1.10054,1.332801,ECB_SIM_EXTRACT_V1
2026-05-27,1.103479,1.323768,ECB_SIM_EXTRACT_V1
2026-05-28,1.107634,1.320921,ECB_SIM_EXTRACT_V1
2026-05-29,1.108289,1.326727,ECB_SIM_EXTRACT_V1
2026-05-30,1.107565,1.328309,ECB_SIM_EXTRACT_V1
2026-05-31,1.108893,1.30588,ECB_SIM_EXTRACT_V1
2026-06-01,1.09868,1.309036,ECB_SIM_EXTRACT_V1
2026-06-02,1.099759,1.318381,ECB_SIM_EXTRACT_V1
2026-06-03,1.099363,1.308078,ECB_SIM_EXTRACT_V1
2026-06-04,1.099192,1.315433,ECB_SIM_EXTRACT_V1
2026-06-05,1.10169,1.301344,ECB_SIM_EXTRACT_V1
2026-06-06,1.101406,1.305854,ECB_SIM_EXTRACT_V1
2026-06-07,1.097378,1.30562,ECB_SIM_EXTRACT_V1
2026-06-08,1.096913,1.293826,ECB_SIM_EXTRACT_V1
2026-06-09,1.097187,1.295975,ECB_SIM_EXTRACT_V1
2026-06-10,1.097624,1.301583,ECB_SIM_EXTRACT_V1
2026-06-11,1.098222,1.303244,ECB_SIM_EXTRACT_V1
2026-06-12,1.101902,1.305983,ECB_SIM_EXTRACT_V1
2026-06-13,1.098056,1.303749,ECB_SIM_EXTRACT_V1
2026-06-14,1.098697,1.294395,ECB_SIM_EXTRACT_V1
2026-06-15,1.103257,1.29775,ECB_SIM_EXTRACT_V1
2026-06-16,1.097112,1.306314,ECB_SIM_EXTRACT_V1
2026-06-17,1.097777,1.311735,ECB_SIM_EXTRACT_V1
2026-06-18,1.095749,1.301603,ECB_SIM_EXTRACT_V1
2026-06-19,1.094501,1.293992,ECB_SIM_EXTRACT_V1
2026-06-20,1.091402,1.289791,ECB_SIM_EXTRACT_V1
2026-06-21,1.090913,1.28201,ECB_SIM_EXTRACT_V1
2026-06-22,1.097469,1.282321,ECB_SIM_EXTRACT_V1
2026-06-23,1.093067,1.284331,ECB_SIM_EXTRACT_V1
2026-06-24,1.089067,1.277437,ECB_SIM_EXTRACT_V1
2026-06-25,1.084669,1.281366,ECB_SIM_EXTRACT_V1
2026-06-26,1.090865,1.2844,ECB_SIM_EXTRACT_V1
2026-06-27,1.089361,1.281794,ECB_SIM_EXTRACT_V1
2026-06-28,1.089399,1.281052,ECB_SIM_EXTRACT_V1
2026-06-29,1.088122,1.271702,ECB_SIM_EXTRACT_V1
2026-06-30,1.08498,1.270315,ECB_SIM_EXTRACT_V1
2026-07-01,1.084343,1.270585,ECB_SIM_EXTRACT_V1
2026-07-02,1.093094,1.271631,ECB_SIM_EXTRACT_V1
2026-07-03,1.098057,1.273683,ECB_SIM_EXTRACT_V1
2026-07-04,1.095088,1.27506,ECB_SIM_EXTRACT_V1
2026-07-05,1.097418,1.273958,ECB_SIM_EXTRACT_V1
2026-07-06,1.094533,1.275536,ECB_SIM_EXTRACT_V1
2026-07-07,1.088394,1.280575,ECB_SIM_EXTRACT_V1
2026-07-08,1.092089,1.280223,ECB_SIM_EXTRACT_V1
2026-07-09,1.096246,1.281886,ECB_SIM_EXTRACT_V1
2026-07-10,1.099967,1.281077,ECB_SIM_EXTRACT_V1
2026-07-11,1.098315,1.278038,ECB_SIM_EXTRACT_V1
2026-07-12,1.097749,1.280723,ECB_SIM_EXTRACT_V1
2026-07-13,1.100413,1.278135,ECB_SIM_EXTRACT_V1
2026-07-14,1.101787,1.280154,ECB_SIM_EXTRACT_V1
2026-07-15,1.100379,1.280409,ECB_SIM_EXTRACT_V1
2026-07-16,1.094688,1.279045,ECB_SIM_EXTRACT_V1
2026-07-17,1.095151,1.277582,ECB_SIM_EXTRACT_V1
2026-07-18,1.098997,1.275266,ECB_SIM_EXTRACT_V1
2026-07-19,1.094805,1.26749,ECB_SIM_EXTRACT_V1
2026-07-20,1.097108,1.269604,ECB_SIM_EXTRACT_V1
2026-07-21,1.098307,1.270964,ECB_SIM_EXTRACT_V1
2026-07-22,1.100967,1.275302,ECB_SIM_EXTRACT_V1
2026-07-23,1.104032,1.272904,ECB_SIM_EXTRACT_V1
2026-07-24,1.101532,1.28231,ECB_SIM_EXTRACT_V1
2026-07-25,1.095829,1.280553,ECB_SIM_EXTRACT_V1
2026-07-26,1.09401,1.276415,ECB_SIM_EXTRACT_V1
2026-07-27,1.097199,1.271765,ECB_SIM_EXTRACT_V1
2026-07-28,1.095331,1.263629,ECB_SIM_EXTRACT_V1
2026-07-29,1.092957,1.271325,ECB_SIM_EXTRACT_V1
2026-07-30,1.086689,1.27819,ECB_SIM_EXTRACT_V1
2026-07-31,1.09296,1.281252,ECB_SIM_EXTRACT_V1
2026-08-01,1.095937,1.277001,ECB_SIM_EXTRACT_V1
2026-08-02,1.098689,1.285977,ECB_SIM_EXTRACT_V1
2026-08-03,1.102112,1.284308,ECB_SIM_EXTRACT_V1
2026-08-04,1.104123,1.283064,ECB_SIM_EXTRACT_V1
2026-08-05,1.10321,1.290174,ECB_SIM_EXTRACT_V1
2026-08-06,1.102594,1.293406,ECB_SIM_EXTRACT_V1
2026-08-07,1.101055,1.304229,ECB_SIM_EXTRACT_V1
2026-08-08,1.110365,1.30529,ECB_SIM_EXTRACT_V1
2026-08-09,1.112216,1.303138,ECB_SIM_EXTRACT_V1
2026-08-10,1.11042,1.299954,ECB_SIM_EXTRACT_V1
2026-08-11,1.111949,1.290743,ECB_SIM_EXTRACT_V1
2026-08-12,1.108214,1.289368,ECB_SIM_EXTRACT_V1
2026-08-13,1.113463,1.294996,ECB_SIM_EXTRACT_V1
2026-08-14,1.110948,1.297886,ECB_SIM_EXTRACT_V1
2026-08-15,1.112599,1.297891,ECB_SIM_EXTRACT_V1
2026-08-16,1.116248,1.292899,ECB_SIM_EXTRACT_V1
2026-08-17,1.117426,1.293979,ECB_SIM_EXTRACT_V1
2026-08-18,1.117553,1.298921,ECB_SIM_EXTRACT_V1
2026-08-19,1.11738,1.300941,ECB_SIM_EXTRACT_V1
2026-08-20,1.116968,1.301634,ECB_SIM_EXTRACT_V1
2026-08-21,1.114704,1.297558,ECB_SIM_EXTRACT_V1
2026-08-22,1.112924,1.301749,ECB_SIM_EXTRACT_V1
2026-08-23,1.118049,1.286209,ECB_SIM_EXTRACT_V1
2026-08-24,1.117443,1.288127,ECB_SIM_EXTRACT_V1
2026-08-25,1.114426,1.300793,ECB_SIM_EXTRACT_V1
2026-08-26,1.112412,1.293229,ECB_SIM_EXTRACT_V1
2026-08-27,1.116186,1.292004,ECB_SIM_EXTRACT_V1
2026-08-28,1.118406,1.291942,ECB_SIM_EXTRACT_V1
2026-08-29,1.12019,1.289649,ECB_SIM_EXTRACT_V1
2026-08-30,1.119023,1.294742,ECB_SIM_EXTRACT_V1
2026-08-31,1.120847,1.297012,ECB_SIM_EXTRACT_V1
2026-09-01,1.118289,1.297678,ECB_SIM_EXTRACT_V1
2026-09-02,1.11714,1.301523,ECB_SIM_EXTRACT_V1
2026-09-03,1.120404,1.301467,ECB_SIM_EXTRACT_V1
2026-09-04,1.123295,1.317149,ECB_SIM_EXTRACT_V1
2026-09-05,1.11949,1.317577,ECB_SIM_EXTRACT_V1
2026-09-06,1.116194,1.318221,ECB_SIM_EXTRACT_V1
2026-09-07,1.116386,1.30934,ECB_SIM_EXTRACT_V1
2026-09-08,1.122371,1.306406,ECB_SIM_EXTRACT_V1
2026-09-09,1.115242,1.311915,ECB_SIM_EXTRACT_V1
2026-09-10,1.116052,1.305011,ECB_SIM_EXTRACT_V1
2026-09-11,1.110955,1.294175,ECB_SIM_EXTRACT_V1
2026-09-12,1.10857,1.294284,ECB_SIM_EXTRACT_V1
2026-09-13,1.107175,1.300992,ECB_SIM_EXTRACT_V1
2026-09-14,1.1056,1.301069,ECB_SIM_EXTRACT_V1
2026-09-15,1.103646,1.299275,ECB_SIM_EXTRACT_V1
2026-09-16,1.103628,1.29002,ECB_SIM_EXTRACT_V1
2026-09-17,1.101695,1.292239,ECB_SIM_EXTRACT_V1
2026-09-18,1.096531,1.295463,ECB_SIM_EXTRACT_V1
2026-09-19,1.099313,1.286657,ECB_SIM_EXTRACT_V1
2026-09-20,1.101973,1.292256,ECB_SIM_EXTRACT_V1
2026-09-21,1.104926,1.295994,ECB_SIM_EXTRACT_V1
2026-09-22,1.099433,1.30151,ECB_SIM_EXTRACT_V1
2026-09-23,1.100492,1.30426,ECB_SIM_EXTRACT_V1
2026-09-24,1.102869,1.307332,ECB_SIM_EXTRACT_V1
2026-09-25,1.099202,1.309711,ECB_SIM_EXTRACT_V1
2026-09-26,1.099243,1.313802,ECB_SIM_EXTRACT_V1
2026-09-27,1.098844,1.304467,ECB_SIM_EXTRACT_V1
2026-09-28,1.105354,1.296874,ECB_SIM_EXTRACT_V1
2026-09-29,1.112118,1.293169,ECB_SIM_EXTRACT_V1
2026-09-30,1.106065,1.292493,ECB_SIM_EXTRACT_V1
2026-10-01,1.114854,1.294371,ECB_SIM_EXTRACT_V1
2026-10-02,1.111414,1.295916,ECB_SIM_EXTRACT_V1
2026-10-03,1.11477,1.301358,ECB_SIM_EXTRACT_V1
2026-10-04,1.118058,1.306912,ECB_SIM_EXTRACT_V1
2026-10-05,1.114284,1.302383,ECB_SIM_EXTRACT_V1
2026-10-06,1.115871,1.303415,ECB_SIM_EXTRACT_V1
2026-10-07,1.115295,1.299061,ECB_SIM_EXTRACT_V1
2026-10-08,1.11709,1.298023,ECB_SIM_EXTRACT_V1
2026-10-09,1.117709,1.299515,ECB_SIM_EXTRACT_V1
2026-10-10,1.121781,1.282677,ECB_SIM_EXTRACT_V1
2026-10-11,1.121787,1.294573,ECB_SIM_EXTRACT_V1
2026-10-12,1.120921,1.297307,ECB_SIM_EXTRACT_V1
2026-10-13,1.124605,1.294286,ECB_SIM_EXTRACT_V1
2026-10-14,1.126397,1.303748,ECB_SIM_EXTRACT_V1
2026-10-15,1.128716,1.301862,ECB_SIM_EXTRACT_V1
2026-10-16,1.12597,1.302375,ECB_SIM_EXTRACT_V1
2026-10-17,1.121896,1.299818,ECB_SIM_EXTRACT_V1
2026-10-18,1.119595,1.307884,ECB_SIM_EXTRACT_V1
2026-10-19,1.117136,1.307146,ECB_SIM_EXTRACT_V1
2026-10-20,1.119743,1.307682,ECB_SIM_EXTRACT_V1
2026-10-21,1.123006,1.313463,ECB_SIM_EXTRACT_V1
2026-10-22,1.122169,1.316102,ECB_SIM_EXTRACT_V1
2026-10-23,1.12705,1.315514,ECB_SIM_EXTRACT_V1
2026-10-24,1.131666,1.320766,ECB_SIM_EXTRACT_V1
2026-10-25,1.132162,1.333191,ECB_SIM_EXTRACT_V1
2026-10-26,1.128798,1.334272,ECB_SIM_EXTRACT_V1
2026-10-27,1.134151,1.334324,ECB_SIM_EXTRACT_V1
2026-10-28,1.133514,1.334648,ECB_SIM_EXTRACT_V1
2026-10-29,1.133563,1.340764,ECB_SIM_EXTRACT_V1
2026-10-30,1.131924,1.337095,ECB_SIM_EXTRACT_V1
2026-10-31,1.128318,1.335107,ECB_SIM_EXTRACT_V1
2026-11-01,1.122685,1.326782,ECB_SIM_EXTRACT_V1
2026-11-02,1.124685,1.320381,ECB_SIM_EXTRACT_V1
2026-11-03,1.121571,1.317418,ECB_SIM_EXTRACT_V1
2026-11-04,1.132341,1.316805,ECB_SIM_EXTRACT_V1
2026-11-05,1.128021,1.32536,ECB_SIM_EXTRACT_V1
2026-11-06,1.123152,1.327632,ECB_SIM_EXTRACT_V1
2026-11-07,1.124706,1.322582,ECB_SIM_EXTRACT_V1
2026-11-08,1.129922,1.318533,ECB_SIM_EXTRACT_V1
2026-11-09,1.129792,1.325091,ECB_SIM_EXTRACT_V1
2026-11-10,1.1315,1.330348,ECB_SIM_EXTRACT_V1
2026-11-11,1.124463,1.329999,ECB_SIM_EXTRACT_V1
2026-11-12,1.121732,1.327278,ECB_SIM_EXTRACT_V1
2026-11-13,1.117622,1.332508,ECB_SIM_EXTRACT_V1
2026-11-14,1.110653,1.326971,ECB_SIM_EXTRACT_V1
2026-11-15,1.110941,1.328499,ECB_SIM_EXTRACT_V1
2026-11-16,1.102865,1.339549,ECB_SIM_EXTRACT_V1
2026-11-17,1.098174,1.339988,ECB_SIM_EXTRACT_V1
2026-11-18,1.09631,1.335435,ECB_SIM_EXTRACT_V1
2026-11-19,1.093442,1.336964,ECB_SIM_EXTRACT_V1
2026-11-20,1.094908,1.334006,ECB_SIM_EXTRACT_V1
2026-11-21,1.09604,1.326423,ECB_SIM_EXTRACT_V1
2026-11-22,1.099227,1.329517,ECB_SIM_EXTRACT_V1
2026-11-23,1.101886,1.334693,ECB_SIM_EXTRACT_V1
2026-11-24,1.105893,1.332573,ECB_SIM_EXTRACT_V1
2026-11-25,1.105816,1.330146,ECB_SIM_EXTRACT_V1
2026-11-26,1.10682,1.324807,ECB_SIM_EXTRACT_V1
2026-11-27,1.108551,1.323629,ECB_SIM_EXTRACT_V1
2026-11-28,1.108951,1.320396,ECB_SIM_EXTRACT_V1
2026-11-29,1.107434,1.314965,ECB_SIM_EXTRACT_V1
2026-11-30,1.106167,1.32415,ECB_SIM_EXTRACT_V1
2026-12-01,1.103203,1.326083,ECB_SIM_EXTRACT_V1
2026-12-02,1.104654,1.328531,ECB_SIM_EXTRACT_V1
2026-12-03,1.104266,1.332527,ECB_SIM_EXTRACT_V1
2026-12-04,1.101874,1.335917,ECB_SIM_EXTRACT_V1
2026-12-05,1.099519,1.333262,ECB_SIM_EXTRACT_V1
2026-12-06,1.095274,1.334115,ECB_SIM_EXTRACT_V1
2026-12-07,1.098767,1.332214,ECB_SIM_EXTRACT_V1
2026-12-08,1.099058,1.33392,ECB_SIM_EXTRACT_V1
2026-12-09,1.096039,1.335117,ECB_SIM_EXTRACT_V1
2026-12-10,1.098926,1.332627,ECB_SIM_EXTRACT_V1
2026-12-11,1.09697,1.325395,ECB_SIM_EXTRACT_V1
2026-12-12,1.09208,1.325702,ECB_SIM_EXTRACT_V1
2026-12-13,1.09575,1.324239,ECB_SIM_EXTRACT_V1
2026-12-14,1.093919,1.314347,ECB_SIM_EXTRACT_V1
2026-12-15,1.092561,1.31659,ECB_SIM_EXTRACT_V1
2026-12-16,1.092794,1.321105,ECB_SIM_EXTRACT_V1
2026-12-17,1.096883,1.333478,ECB_SIM_EXTRACT_V1
2026-12-18,1.096991,1.330967,ECB_SIM_EXTRACT_V1
2026-12-19,1.092826,1.327747,ECB_SIM_EXTRACT_V1
2026-12-20,1.094815,1.321704,ECB_SIM_EXTRACT_V1
2026-12-21,1.093179,1.322367,ECB_SIM_EXTRACT_V1
2026-12-22,1.099886,1.32299,ECB_SIM_EXTRACT_V1
2026-12-23,1.099883,1.318518,ECB_SIM_EXTRACT_V1
2026-12-24,1.092046,1.317297,ECB_SIM_EXTRACT_V1
2026-12-25,1.093391,1.307101,ECB_SIM_EXTRACT_V1
2026-12-26,1.100296,1.311503,ECB_SIM_EXTRACT_V1
2026-12-27,1.105855,1.307408,ECB_SIM_EXTRACT_V1
2026-12-28,1.112282,1.307026,ECB_SIM_EXTRACT_V1
2026-12-29,1.108511,1.299754,ECB_SIM_EXTRACT_V1
2026-12-30,1.111648,1.296764,ECB_SIM_EXTRACT_V1
2026-12-31,1.108943,1.295306,ECB_SIM_EXTRACT_V1
